TABLE LOWONGAN
INSERT INTO lowongan VALUES (1000,1,'IKI20505','TRUE',0,'Nilai A++ pada mata kuliah kehidupan',10000000003);
INSERT INTO lowongan VALUES (1001,2,'IKI10400','FALSE',4,NULL,10000000000);
INSERT INTO lowongan VALUES (1002,3,'IKI20505','FALSE',1,NULL,10000000001);
INSERT INTO lowongan VALUES (1003,4,'IKI20700','TRUE',0,NULL,10000000007);
INSERT INTO lowongan VALUES (1004,5,'IKI20201','TRUE',1,NULL,10000000002);
INSERT INTO lowongan VALUES (1005,6,'IKI20505','TRUE',2,NULL,10000000015);
INSERT INTO lowongan VALUES (1006,7,'IKS22602','TRUE',2,NULL,10000000005);
INSERT INTO lowongan VALUES (1007,8,'IKS32606','FALSE',0,NULL,10000000004);
INSERT INTO lowongan VALUES (1008,9,'IKI20700','TRUE',5,NULL,10000000003);
INSERT INTO lowongan VALUES (1009,10,'IKI10400','FALSE',1,NULL,10000000009);
INSERT INTO lowongan VALUES (1010,11,'IKS22602','FALSE',7,'Nilai A pada mata kuliah Basis Data',10000000007);
INSERT INTO lowongan VALUES (1011,12,'IKS32606','FALSE',3,NULL,10000000008);
INSERT INTO lowongan VALUES (1012,13,'IKI20700','TRUE',1,NULL,10000000012);
INSERT INTO lowongan VALUES (1013,14,'IKI10200','TRUE',2,NULL,10000000001);
INSERT INTO lowongan VALUES (1014,15,'IKS31650','FALSE',0,NULL,10000000020);
INSERT INTO lowongan VALUES (1015,16,'IKI10200','FALSE',0,NULL,10000000049);
INSERT INTO lowongan VALUES (1016,17,'IKS31650','FALSE',7,NULL,10000000048);
INSERT INTO lowongan VALUES (1017,18,'IKI20201','FALSE',3,NULL,10000000047);
INSERT INTO lowongan VALUES (1018,19,'IKS22602','FALSE',2,NULL,10000000046);
INSERT INTO lowongan VALUES (1019,20,'IKI20505','FALSE',1,NULL,10000000045);
INSERT INTO lowongan VALUES (1020,21,'IKI65788','FALSE',5,NULL,10000000044);
INSERT INTO lowongan VALUES (1021,22,'IKI75486','FALSE',2,NULL,10000000043);
INSERT INTO lowongan VALUES (1022,23,'IKS64336','FALSE',2,NULL,10000000042);
INSERT INTO lowongan VALUES (1023,24,'IKI36524','FALSE',2,NULL,10000000041);
INSERT INTO lowongan VALUES (1024,25,'IKS76475','FALSE',2,NULL,10000000040);
INSERT INTO lowongan VALUES (1025,26,'IKS64346','FALSE',4,NULL,10000000039);
INSERT INTO lowongan VALUES (1026,27,'IKI86575','FALSE',5,NULL,10000000038);
INSERT INTO lowongan VALUES (1027,28,'IKI76435','TRUE',3,NULL,10000000037);
INSERT INTO lowongan VALUES (1028,29,'IKI36524','TRUE',2,NULL,10000000036);
INSERT INTO lowongan VALUES (1029,30,'IKS65446','FALSE',5,NULL,10000000035);
INSERT INTO lowongan VALUES (1030,31,'IKI75486','TRUE',6,NULL,10000000034);
INSERT INTO lowongan VALUES (1031,32,'IKS76475','FALSE',7,NULL,10000000033);
INSERT INTO lowongan VALUES (1032,33,'IKI97658','TRUE',8,NULL,10000000032);
INSERT INTO lowongan VALUES (1033,34,'IKS64336','FALSE',9,NULL,10000000031);
INSERT INTO lowongan VALUES (1034,35,'IKI45734','FALSE',2,NULL,10000000030);
INSERT INTO lowongan VALUES (1035,36,'IKI01010','TRUE',1,NULL,10000000029);
INSERT INTO lowongan VALUES (1036,37,'IKS22334','TRUE',5,NULL,10000000028);
INSERT INTO lowongan VALUES (1037,38,'IKS44556','TRUE',6,NULL,10000000027);
INSERT INTO lowongan VALUES (1038,39,'IKS98799','TRUE',3,NULL,10000000026);
INSERT INTO lowongan VALUES (1039,40,'IKS00997','TRUE',4,NULL,10000000025);
INSERT INTO lowongan VALUES (1040,41,'IKI24522','TRUE',6,NULL,10000000024);
INSERT INTO lowongan VALUES (1041,42,'IKI88887','FALSE',3,NULL,10000000023);
INSERT INTO lowongan VALUES (1042,43,'IKI75665','FALSE',2,NULL,10000000022);
INSERT INTO lowongan VALUES (1043,44,'IKS75437','FALSE',3,NULL,10000000021);
INSERT INTO lowongan VALUES (1044,45,'IKS12345','FALSE',5,NULL,10000000020);
INSERT INTO lowongan VALUES (1045,46,'IKI23456','TRUE',6,NULL,10000000019);
INSERT INTO lowongan VALUES (1046,47,'IKI34567','FALSE',7,NULL,10000000018);
INSERT INTO lowongan VALUES (1047,48,'IKS23456','TRUE',3,NULL,10000000017);
INSERT INTO lowongan VALUES (1048,49,'IKI45678','FALSE',4,NULL,10000000016);
INSERT INTO lowongan VALUES (1049,50,'IKS34567','TRUE',2,NULL,10000000015);
INSERT INTO lowongan VALUES (1050,1,'IKI20505','FALSE',5,NULL,10000000014);
INSERT INTO lowongan VALUES (1051,2,'IKI10400','TRUE',3,NULL,10000000013);
INSERT INTO lowongan VALUES (1052,3,'IKI20505','TRUE',2,NULL,10000000012);
INSERT INTO lowongan VALUES (1053,4,'IKI20700','TRUE',11,NULL,10000000011);
INSERT INTO lowongan VALUES (1054,5,'IKI20201','TRUE',12,NULL,10000000010);
INSERT INTO lowongan VALUES (1055,6,'IKI20505','TRUE',15,NULL,10000000009);
INSERT INTO lowongan VALUES (1056,7,'IKS22602','TRUE',2,NULL,10000000008);
INSERT INTO lowongan VALUES (1057,8,'IKS32606','TRUE',5,NULL,10000000007);
INSERT INTO lowongan VALUES (1058,9,'IKI20700','FALSE',2,NULL,10000000006);
INSERT INTO lowongan VALUES (1059,10,'IKI10400','FALSE',5,NULL,10000000005);
INSERT INTO lowongan VALUES (1060,11,'IKS22602','FALSE',7,NULL,10000000004);
INSERT INTO lowongan VALUES (1061,12,'IKS32606','FALSE',8,NULL,10000000003);
INSERT INTO lowongan VALUES (1062,13,'IKI20700','FALSE',3,NULL,10000000002);
INSERT INTO lowongan VALUES (1063,14,'IKI10200','TRUE',4,NULL,10000000001);
INSERT INTO lowongan VALUES (1064,15,'IKS31650','TRUE',6,NULL,10000000000);
INSERT INTO lowongan VALUES (1065,16,'IKI10200','TRUE',10,NULL,10000000020);


TABLE DOSEN_KELAS_MK

INSERT INTO dosen_kelas_mk VALUES (10000000000,0001,NULL,NULL);
INSERT INTO dosen_kelas_mk VALUES (10000000001,0001,NULL,NULL);
INSERT INTO dosen_kelas_mk VALUES (10000000002,0001,NULL,NULL);
INSERT INTO dosen_kelas_mk VALUES (10000000003,0002,NULL,NULL);
INSERT INTO dosen_kelas_mk VALUES (10000000004,0002,NULL,NULL);
INSERT INTO dosen_kelas_mk VALUES (10000000005,0002,NULL,NULL);
INSERT INTO dosen_kelas_mk VALUES (10000000006,0003,NULL,NULL);
INSERT INTO dosen_kelas_mk VALUES (10000000007,0003,NULL,NULL);
INSERT INTO dosen_kelas_mk VALUES (10000000008,0003,NULL,NULL);
INSERT INTO dosen_kelas_mk VALUES (10000000009,0004,NULL,NULL);
INSERT INTO dosen_kelas_mk VALUES (10000000010,0004,NULL,NULL);
INSERT INTO dosen_kelas_mk VALUES (10000000011,0004,NULL,NULL);
INSERT INTO dosen_kelas_mk VALUES (10000000012,0005,NULL,NULL);
INSERT INTO dosen_kelas_mk VALUES (10000000013,0005,NULL,NULL);
INSERT INTO dosen_kelas_mk VALUES (10000000014,0005,NULL,NULL);
INSERT INTO dosen_kelas_mk VALUES (10000000015,0006,NULL,NULL);
INSERT INTO dosen_kelas_mk VALUES (10000000016,0006,NULL,NULL);
INSERT INTO dosen_kelas_mk VALUES (10000000017,0006,NULL,NULL);
INSERT INTO dosen_kelas_mk VALUES (10000000018,0007,NULL,NULL);
INSERT INTO dosen_kelas_mk VALUES (10000000019,0007,NULL,NULL);
INSERT INTO dosen_kelas_mk VALUES (10000000020,0007,NULL,NULL);
INSERT INTO dosen_kelas_mk VALUES (10000000021,0008,NULL,NULL);
INSERT INTO dosen_kelas_mk VALUES (10000000022,0008,NULL,NULL);
INSERT INTO dosen_kelas_mk VALUES (10000000023,0008,NULL,NULL);
INSERT INTO dosen_kelas_mk VALUES (10000000024,0009,NULL,NULL);
INSERT INTO dosen_kelas_mk VALUES (10000000025,0009,NULL,NULL);
INSERT INTO dosen_kelas_mk VALUES (10000000026,0009,NULL,NULL);
INSERT INTO dosen_kelas_mk VALUES (10000000027,0010,NULL,NULL);
INSERT INTO dosen_kelas_mk VALUES (10000000028,0010,NULL,NULL);
INSERT INTO dosen_kelas_mk VALUES (10000000029,0010,NULL,NULL);
INSERT INTO dosen_kelas_mk VALUES (10000000030,0011,NULL,NULL);
INSERT INTO dosen_kelas_mk VALUES (10000000031,0011,NULL,NULL);
INSERT INTO dosen_kelas_mk VALUES (10000000032,0012,NULL,NULL);
INSERT INTO dosen_kelas_mk VALUES (10000000033,0012,NULL,NULL);
INSERT INTO dosen_kelas_mk VALUES (10000000034,0013,NULL,NULL);
INSERT INTO dosen_kelas_mk VALUES (10000000035,0013,NULL,NULL);
INSERT INTO dosen_kelas_mk VALUES (10000000036,0014,NULL,NULL);
INSERT INTO dosen_kelas_mk VALUES (10000000037,0014,NULL,NULL);
INSERT INTO dosen_kelas_mk VALUES (10000000038,0015,NULL,NULL);
INSERT INTO dosen_kelas_mk VALUES (10000000039,0015,NULL,NULL);
INSERT INTO dosen_kelas_mk VALUES (10000000040,0016,NULL,NULL);
INSERT INTO dosen_kelas_mk VALUES (10000000041,0016,NULL,NULL);
INSERT INTO dosen_kelas_mk VALUES (10000000042,0017,NULL,NULL);
INSERT INTO dosen_kelas_mk VALUES (10000000043,0017,NULL,NULL);
INSERT INTO dosen_kelas_mk VALUES (10000000044,0018,NULL,NULL);
INSERT INTO dosen_kelas_mk VALUES (10000000045,0018,NULL,NULL);
INSERT INTO dosen_kelas_mk VALUES (10000000046,0019,NULL,NULL);
INSERT INTO dosen_kelas_mk VALUES (10000000047,0019,NULL,NULL);
INSERT INTO dosen_kelas_mk VALUES (10000000048,0020,NULL,NULL);
INSERT INTO dosen_kelas_mk VALUES (10000000049,0020,NULL,NULL);
INSERT INTO dosen_kelas_mk VALUES (10000000050,0001,NULL,NULL);
INSERT INTO dosen_kelas_mk VALUES (10000000051,0002,NULL,NULL);
INSERT INTO dosen_kelas_mk VALUES (10000000052,0003,NULL,NULL);
INSERT INTO dosen_kelas_mk VALUES (10000000053,0004,NULL,NULL);
INSERT INTO dosen_kelas_mk VALUES (10000000054,0005,NULL,NULL);
INSERT INTO dosen_kelas_mk VALUES (10000000055,0006,NULL,NULL);
INSERT INTO dosen_kelas_mk VALUES (10000000056,0007,NULL,NULL);
INSERT INTO dosen_kelas_mk VALUES (10000000057,0008,NULL,NULL);
INSERT INTO dosen_kelas_mk VALUES (10000000058,0009,NULL,NULL);
INSERT INTO dosen_kelas_mk VALUES (10000000059,0010,NULL,NULL);
INSERT INTO dosen_kelas_mk VALUES (10000000060,0011,NULL,NULL);
INSERT INTO dosen_kelas_mk VALUES (10000000061,0012,NULL,NULL);
INSERT INTO dosen_kelas_mk VALUES (10000000062,0013,NULL,NULL);
INSERT INTO dosen_kelas_mk VALUES (10000000063,0014,NULL,NULL);
INSERT INTO dosen_kelas_mk VALUES (10000000064,0015,NULL,NULL);
INSERT INTO dosen_kelas_mk VALUES (10000000065,0016,NULL,NULL);
INSERT INTO dosen_kelas_mk VALUES (10000000066,0017,NULL,NULL);
INSERT INTO dosen_kelas_mk VALUES (10000000067,0018,NULL,NULL);
INSERT INTO dosen_kelas_mk VALUES (10000000068,0019,NULL,NULL);
INSERT INTO dosen_kelas_mk VALUES (10000000069,0020,NULL,NULL);
INSERT INTO dosen_kelas_mk VALUES (10000000070,0021,NULL,NULL);
INSERT INTO dosen_kelas_mk VALUES (10000000071,0022,NULL,NULL);
INSERT INTO dosen_kelas_mk VALUES (10000000072,0023,NULL,NULL);
INSERT INTO dosen_kelas_mk VALUES (10000000073,0024,NULL,NULL);
INSERT INTO dosen_kelas_mk VALUES (10000000074,0025,NULL,NULL);
INSERT INTO dosen_kelas_mk VALUES (10000000075,0026,NULL,NULL);
INSERT INTO dosen_kelas_mk VALUES (10000000076,0027,NULL,NULL);
INSERT INTO dosen_kelas_mk VALUES (10000000077,0028,NULL,NULL);
INSERT INTO dosen_kelas_mk VALUES (10000000078,0029,NULL,NULL);
INSERT INTO dosen_kelas_mk VALUES (10000000079,0030,NULL,NULL);

TABLE KATEGORI_LOG

INSERT INTO kategori_log VALUES (1,'plain text');
INSERT INTO kategori_log VALUES (2,'image');
INSERT INTO kategori_log VALUES (3,'audio');
INSERT INTO kategori_log VALUES (4,'video');
INSERT INTO kategori_log VALUES (5,'compressed file');
INSERT INTO kategori_log VALUES (6,'document');
INSERT INTO kategori_log VALUES (7,'spreadsheet');
INSERT INTO kategori_log VALUES (8,'presentation');
INSERT INTO kategori_log VALUES (9,'other');

TABLE KELAS_MK

INSERT INTO kelas_mk VALUES (1,2014,2,'IKI20505');
INSERT INTO kelas_mk VALUES (2,2016,1,'IKI10400');
INSERT INTO kelas_mk VALUES (3,2016,3,'IKI20505');
INSERT INTO kelas_mk VALUES (4,2015,1,'IKI20700');
INSERT INTO kelas_mk VALUES (5,2014,3,'IKI20201');
INSERT INTO kelas_mk VALUES (6,2014,2,'IKI20505');
INSERT INTO kelas_mk VALUES (7,2015,3,'IKS22602');
INSERT INTO kelas_mk VALUES (8,2015,1,'IKS32606');
INSERT INTO kelas_mk VALUES (9,2016,1,'IKI20700');
INSERT INTO kelas_mk VALUES (10,2014,1,'IKI10400');
INSERT INTO kelas_mk VALUES (11,2015,3,'IKS22602');
INSERT INTO kelas_mk VALUES (12,2016,2,'IKS32606');
INSERT INTO kelas_mk VALUES (13,2015,2,'IKI20700');
INSERT INTO kelas_mk VALUES (14,2014,3,'IKI10200');
INSERT INTO kelas_mk VALUES (15,2014,1,'IKS31650');
INSERT INTO kelas_mk VALUES (16,2016,1,'IKI10200');
INSERT INTO kelas_mk VALUES (17,2015,2,'IKS31650');
INSERT INTO kelas_mk VALUES (18,2015,2,'IKI20201');
INSERT INTO kelas_mk VALUES (19,2014,3,'IKS22602');
INSERT INTO kelas_mk VALUES (20,2016,1,'IKI20505');
INSERT INTO kelas_mk VALUES (21,2014,3,'IKI65788');
INSERT INTO kelas_mk VALUES (22,2016,2,'IKI75486');
INSERT INTO kelas_mk VALUES (23,2014,2,'IKS64336');
INSERT INTO kelas_mk VALUES (24,2015,1,'IKI36524');
INSERT INTO kelas_mk VALUES (25,2016,3,'IKS76475');
INSERT INTO kelas_mk VALUES (26,2014,1,'IKS64346');
INSERT INTO kelas_mk VALUES (27,2014,1,'IKI86575');
INSERT INTO kelas_mk VALUES (28,2016,3,'IKI76435');
INSERT INTO kelas_mk VALUES (29,2015,2,'IKI36524');
INSERT INTO kelas_mk VALUES (30,2015,3,'IKS65446');
INSERT INTO kelas_mk VALUES (31,2016,3,'IKI75486');
INSERT INTO kelas_mk VALUES (32,2014,1,'IKS76475');
INSERT INTO kelas_mk VALUES (33,2016,3,'IKI97658');
INSERT INTO kelas_mk VALUES (34,2014,2,'IKS64336');
INSERT INTO kelas_mk VALUES (35,2016,2,'IKI45734');
INSERT INTO kelas_mk VALUES (36,2015,2,'IKI01010');
INSERT INTO kelas_mk VALUES (37,2016,1,'IKS22334');
INSERT INTO kelas_mk VALUES (38,2016,3,'IKS44556');
INSERT INTO kelas_mk VALUES (39,2014,2,'IKS98799');
INSERT INTO kelas_mk VALUES (40,2015,1,'IKS00997');
INSERT INTO kelas_mk VALUES (41,2014,3,'IKI24522');
INSERT INTO kelas_mk VALUES (42,2016,2,'IKI88887');
INSERT INTO kelas_mk VALUES (43,2014,2,'IKI75665');
INSERT INTO kelas_mk VALUES (44,2016,2,'IKS75437');
INSERT INTO kelas_mk VALUES (45,2016,1,'IKS12345');
INSERT INTO kelas_mk VALUES (46,2015,3,'IKI23456');
INSERT INTO kelas_mk VALUES (47,2014,1,'IKI34567');
INSERT INTO kelas_mk VALUES (48,2015,1,'IKS23456');
INSERT INTO kelas_mk VALUES (49,2014,3,'IKI45678');
INSERT INTO kelas_mk VALUES (50,2015,2,'IKS34567');

table mahasiswa

INSERT INTO mahasiswa VALUES (1406543700,'Bagus Putra Handoko','bagus.putra',654321,'bagus.putra@ui.ac.id','bagus.putra@ui.ac.id','senin/19.00-21.00','Mandiri',0213606408,'http://tinypic.com/view.php?pic=2mepzqf&s=8','http://tinypic.com/view.php?pic=2mepzqf&s=8');
INSERT INTO mahasiswa VALUES (1406543701,'Eka Saputra Wijaya','eka.saputra',654322,'eka.saputra@ui.ac.id','eka.saputra@ui.ac.id','rabu/13.00-15.00','BCA',6438374830,'http://tinypic.com/view.php?pic=2mepzqf&s=9','http://tinypic.com/view.php?pic=2mepzqf&s=9');
INSERT INTO mahasiswa VALUES (1406543702,'Meisielia','meisielia',654323,'meisielia@ui.ac.id','meisielia@ui.ac.id','kamis/14.00-16.00','BNI',4485748900,'http://tinypic.com/view.php?pic=2mepzqf&s=10','http://tinypic.com/view.php?pic=2mepzqf&s=10');
INSERT INTO mahasiswa VALUES (1406543703,'Abih Gunawan','abihg',654324,'abihg@ui.ac.id','abihg@ui.ac.id','selasa/13.00-15.00','BNI',3627346284,'http://tinypic.com/view.php?pic=2mepzqf&s=11','http://tinypic.com/view.php?pic=2mepzqf&s=11');
INSERT INTO mahasiswa VALUES (1406543704,'Sutomo','sutomo',654325,'sutomo@ui.ac.id','sutomo@ui.ac.id','rabu/13.00-15.00','Mandiri',47438922,'http://tinypic.com/view.php?pic=2mepzqf&s=12','http://tinypic.com/view.php?pic=2mepzqf&s=12');
INSERT INTO mahasiswa VALUES (1406543705,'Fransky Avianto','fransky',654326,'fransky@ui.ac.id','fransky@ui.ac.id','rabu/13.00-15.00','BCA',4423642345,'http://tinypic.com/view.php?pic=2mepzqf&s=13','http://tinypic.com/view.php?pic=2mepzqf&s=13');
INSERT INTO mahasiswa VALUES (1406543706,'Juniana Lesia','juniana',654327,'juniana@ui.ac.id','juniana@ui.ac.id','kamis/14.00-16.00','BCA',2903934,'http://tinypic.com/view.php?pic=2mepzqf&s=14','http://tinypic.com/view.php?pic=2mepzqf&s=14');
INSERT INTO mahasiswa VALUES (1406543707,'Steven Alan','steven.a',654328,'steven.a@ui.ac.id','steven.a@ui.ac.id','selasa/13.00-15.00','BNI',2034463755,'http://tinypic.com/view.php?pic=2mepzqf&s=15','http://tinypic.com/view.php?pic=2mepzqf&s=15');
INSERT INTO mahasiswa VALUES (1406543708,'Margaret Maputera','margaret',654329,'margaret@ui.ac.id','margaret@ui.ac.id','selasa/13.00-15.00','BNI',34634935350,'http://tinypic.com/view.php?pic=2mepzqf&s=16','http://tinypic.com/view.php?pic=2mepzqf&s=16');
INSERT INTO mahasiswa VALUES (1406543709,'Yohanes Theo Prakoso ','yohanes',654330,'yohanes@ui.ac.id','yohanes@ui.ac.id','rabu/13.00-15.00','Mandiri',4.57454E+12,'http://tinypic.com/view.php?pic=2mepzqf&s=17','http://tinypic.com/view.php?pic=2mepzqf&s=17');
INSERT INTO mahasiswa VALUES (1406543710,'Selvia','selvia',654331,'selvia@ui.ac.id','selvia@ui.ac.id','rabu/13.00-15.00','BCA',5.58928E+14,'http://tinypic.com/view.php?pic=2mepzqf&s=18','http://tinypic.com/view.php?pic=2mepzqf&s=18');
INSERT INTO mahasiswa VALUES (1406543711,'Gerry Leonanda','gerry',654332,'gerry@ui.ac.id','gerry@ui.ac.id','kamis/14.00-16.00','BNI',570958,'http://tinypic.com/view.php?pic=2mepzqf&s=19','http://tinypic.com/view.php?pic=2mepzqf&s=19');
INSERT INTO mahasiswa VALUES (1406543712,'Elis Natalia','elis',654333,'elis@ui.ac.id','elis@ui.ac.id','selasa/13.00-15.00','Mandiri',5745934594,'http://tinypic.com/view.php?pic=2mepzqf&s=20','http://tinypic.com/view.php?pic=2mepzqf&s=20');
INSERT INTO mahasiswa VALUES (1406543713,'Aniz Winarni','aniz',654334,'aniz@ui.ac.id','aniz@ui.ac.id','senin/19.00-21.00','BCA',74547536,'http://tinypic.com/view.php?pic=2mepzqf&s=21','http://tinypic.com/view.php?pic=2mepzqf&s=21');
INSERT INTO mahasiswa VALUES (1406543714,'Shenny Veronica','shenny',654335,'shenny@ui.ac.id','shenny@ui.ac.id','rabu/13.00-15.00','BNI',5658565,'http://tinypic.com/view.php?pic=2mepzqf&s=22','http://tinypic.com/view.php?pic=2mepzqf&s=22');
INSERT INTO mahasiswa VALUES (1406543715,'William','william',654336,'william@ui.ac.id','william@ui.ac.id','kamis/14.00-16.00','BNI',5658520,'http://tinypic.com/view.php?pic=2mepzqf&s=23','http://tinypic.com/view.php?pic=2mepzqf&s=23');
INSERT INTO mahasiswa VALUES (1406543716,'Natalia Devina','natalia',654337,'natalia@ui.ac.id','natalia@ui.ac.id','selasa/13.00-15.00','Mandiri',5659289292,'http://tinypic.com/view.php?pic=2mepzqf&s=24','http://tinypic.com/view.php?pic=2mepzqf&s=24');
INSERT INTO mahasiswa VALUES (1406543717,'Hendrik','hendrik',654338,'hendrik@ui.ac.id','hendrik@ui.ac.id','rabu/13.00-15.00','BCA',56572925,'http://tinypic.com/view.php?pic=2mepzqf&s=25','http://tinypic.com/view.php?pic=2mepzqf&s=25');
INSERT INTO mahasiswa VALUES (1406543718,'Vilia Sylvia','vilia',654339,'vilia@ui.ac.id','vilia@ui.ac.id','rabu/13.00-15.00','BCA',35652529259,'http://tinypic.com/view.php?pic=2mepzqf&s=26','http://tinypic.com/view.php?pic=2mepzqf&s=26');
INSERT INTO mahasiswa VALUES (1406543719,'Valencia Utari','valencia',654340,'valencia@ui.ac.id','valencia@ui.ac.id','kamis/14.00-16.00','BNI',56928292829,'http://tinypic.com/view.php?pic=2mepzqf&s=27','http://tinypic.com/view.php?pic=2mepzqf&s=27');
INSERT INTO mahasiswa VALUES (1406543720,'Halim Rusli','halim',654341,'halim@ui.ac.id','halim@ui.ac.id','selasa/13.00-15.00','BNI',5655692255,'http://tinypic.com/view.php?pic=2mepzqf&s=28','http://tinypic.com/view.php?pic=2mepzqf&s=28');
INSERT INTO mahasiswa VALUES (1406543721,'Christopher Tan','chris',654342,'chris@ui.ac.id','chris@ui.ac.id','selasa/13.00-15.00','Mandiri',592845675,'http://tinypic.com/view.php?pic=2mepzqf&s=29','http://tinypic.com/view.php?pic=2mepzqf&s=29');
INSERT INTO mahasiswa VALUES (1406543722,'Lucille Marchelline','lucille',654343,'lucille@ui.ac.id','lucille@ui.ac.id','rabu/13.00-15.00','BCA',5689847654,'http://tinypic.com/view.php?pic=2mepzqf&s=30','http://tinypic.com/view.php?pic=2mepzqf&s=30');
INSERT INTO mahasiswa VALUES (1406543723,'Maria Kristina','maria',654344,'maria@ui.ac.id','maria@ui.ac.id','rabu/13.00-15.00','BNI',56573853595,'http://tinypic.com/view.php?pic=2mepzqf&s=31','http://tinypic.com/view.php?pic=2mepzqf&s=31');
INSERT INTO mahasiswa VALUES (1406543724,'Louise Peter','louise',654345,'louise@ui.ac.id','louise@ui.ac.id','kamis/14.00-16.00','Mandiri',56587562525,'http://tinypic.com/view.php?pic=2mepzqf&s=32','http://tinypic.com/view.php?pic=2mepzqf&s=32');
INSERT INTO mahasiswa VALUES (1406543725,'Olivia Edina','olivia',654346,'olivia@ui.ac.id','olivia@ui.ac.id','selasa/13.00-15.00','BCA',5565245434,'http://tinypic.com/view.php?pic=2mepzqf&s=33','http://tinypic.com/view.php?pic=2mepzqf&s=33');
INSERT INTO mahasiswa VALUES (1406543726,'Novita','novita',654347,'novita@ui.ac.id','novita@ui.ac.id','selasa/13.00-15.00','Mandiri',58495845940,'http://tinypic.com/view.php?pic=2mepzqf&s=34','http://tinypic.com/view.php?pic=2mepzqf&s=34');
INSERT INTO mahasiswa VALUES (1406543727,'Setiawan Saputera','setiawan',654348,'setiawan@ui.ac.id','setiawan@ui.ac.id','selasa/13.00-15.00','BCA',4564534675,'http://tinypic.com/view.php?pic=2mepzqf&s=35','http://tinypic.com/view.php?pic=2mepzqf&s=35');
INSERT INTO mahasiswa VALUES (1406543728,'Rendy Bramista','rendy',654349,'rendy@ui.ac.id','rendy@ui.ac.id','rabu/13.00-15.00','BCA',3.22873E+12,'http://tinypic.com/view.php?pic=2mepzqf&s=36','http://tinypic.com/view.php?pic=2mepzqf&s=36');
INSERT INTO mahasiswa VALUES (1406543729,'intan dwi','intan',654350,'intan@ui.ac.id','intan@ui.ac.id','rabu/13.00-15.00','BNI',52728297927,'http://tinypic.com/view.php?pic=2mepzqf&s=37','http://tinypic.com/view.php?pic=2mepzqf&s=37');
INSERT INTO mahasiswa VALUES (1406543730,'Gerald Patterson','Gerald',654351,'gpatterson0@ask.com','gpatterson0@ask.com','selasa/13.00-15.00','BTN',4026485819004701,'http://tinypic.com/view.php?pic=2mepzqf&s=38','http://tinypic.com/view.php?pic=2mepzqf&s=38');
INSERT INTO mahasiswa VALUES (1406543731,'Kathleen Harvey','Kathleen',654352,'kharvey1@google.co.jp','kharvey1@google.co.jp','rabu/13.00-15.00','BRI',4.81875E+12,'http://tinypic.com/view.php?pic=2mepzqf&s=39','http://tinypic.com/view.php?pic=2mepzqf&s=39');
INSERT INTO mahasiswa VALUES (1406543732,'Evelyn Burton','Evelyn',654353,'eburton2@odnoklassniki.ru','eburton2@odnoklassniki.ru','rabu/13.00-15.00','Mandiri',4041376517367204,'http://tinypic.com/view.php?pic=2mepzqf&s=40','http://tinypic.com/view.php?pic=2mepzqf&s=40');
INSERT INTO mahasiswa VALUES (1406543733,'Dennis Alexander','Dennis',654354,'dalexander3@nsw.gov.au','dalexander3@nsw.gov.au','kamis/14.00-16.00','BCA',3540907042211406,'http://tinypic.com/view.php?pic=2mepzqf&s=41','http://tinypic.com/view.php?pic=2mepzqf&s=41');
INSERT INTO mahasiswa VALUES (1406543734,'Amy Knight','Amy',654355,'aknight4@domainmarket.com','aknight4@domainmarket.com','selasa/13.00-15.00','BNI',4.17501E+13,'http://tinypic.com/view.php?pic=2mepzqf&s=42','http://tinypic.com/view.php?pic=2mepzqf&s=42');
INSERT INTO mahasiswa VALUES (1406543735,'Matthew Long','Matthew',654356,'mlong5@ted.com','mlong5@ted.com','kamis/14.00-16.00','BRI',3558500669035494,'http://tinypic.com/view.php?pic=2mepzqf&s=43','http://tinypic.com/view.php?pic=2mepzqf&s=43');
INSERT INTO mahasiswa VALUES (1406543736,'Kathleen Wood','Kathleen',654357,'kwood6@washington.edu','kwood6@washington.edu','selasa/13.00-15.00','Mandiri',3546077413001127,'http://tinypic.com/view.php?pic=2mepzqf&s=44','http://tinypic.com/view.php?pic=2mepzqf&s=44');
INSERT INTO mahasiswa VALUES (1406543737,'Barbara Arnold','Barbara',654358,'barnold7@booking.com','barnold7@booking.com','rabu/13.00-15.00','BRI',6331106964695376783,'http://tinypic.com/view.php?pic=2mepzqf&s=45','http://tinypic.com/view.php?pic=2mepzqf&s=45');
INSERT INTO mahasiswa VALUES (1406543738,'Maria Andrews','Maria',654359,'mandrews8@oakley.com','mandrews8@oakley.com','rabu/13.00-15.00','BRI',633110240014017666,'http://tinypic.com/view.php?pic=2mepzqf&s=46','http://tinypic.com/view.php?pic=2mepzqf&s=46');
INSERT INTO mahasiswa VALUES (1406543739,'Harold Williamson','Harold',654360,'hwilliamson9@biglobe.ne.jp','hwilliamson9@biglobe.ne.jp','kamis/14.00-16.00','BRI',4026262847772413,'http://tinypic.com/view.php?pic=2mepzqf&s=47','http://tinypic.com/view.php?pic=2mepzqf&s=47');
INSERT INTO mahasiswa VALUES (1406543740,'Philip White','Philip',654361,'pwhitea@yolasite.com','pwhitea@yolasite.com','selasa/13.00-15.00','Mandiri',3581505764367057,'http://tinypic.com/view.php?pic=2mepzqf&s=48','http://tinypic.com/view.php?pic=2mepzqf&s=48');
INSERT INTO mahasiswa VALUES (1406543741,'Emily Myers','Emily',654362,'emyersb@un.org','emyersb@un.org','selasa/13.00-15.00','BNI',5002355689906696,'http://tinypic.com/view.php?pic=2mepzqf&s=49','http://tinypic.com/view.php?pic=2mepzqf&s=49');
INSERT INTO mahasiswa VALUES (1406543742,'Sharon Collins','Sharon',654363,'scollinsc@diigo.com','scollinsc@diigo.com','kamis/14.00-16.00','BNI',3.52946E+12,'http://tinypic.com/view.php?pic=2mepzqf&s=50','http://tinypic.com/view.php?pic=2mepzqf&s=50');
INSERT INTO mahasiswa VALUES (1406543743,'Kathy Stewart','Kathy',654364,'kstewartd@pcworld.com','kstewartd@pcworld.com','selasa/13.00-15.00','Mandiri',3561862352449217,'http://tinypic.com/view.php?pic=2mepzqf&s=51','http://tinypic.com/view.php?pic=2mepzqf&s=51');
INSERT INTO mahasiswa VALUES (1406543744,'Antonio Evans','Antonio',654365,'aevanse@umich.edu','aevanse@umich.edu','selasa/13.00-15.00','BCA',4917057995411398,'http://tinypic.com/view.php?pic=2mepzqf&s=52','http://tinypic.com/view.php?pic=2mepzqf&s=52');
INSERT INTO mahasiswa VALUES (1406543745,'Carlos Nguyen','Carlos',654366,'cnguyenf@smugmug.com','cnguyenf@smugmug.com','rabu/13.00-15.00','BCA',2.01752E+14,'http://tinypic.com/view.php?pic=2mepzqf&s=53','http://tinypic.com/view.php?pic=2mepzqf&s=53');
INSERT INTO mahasiswa VALUES (1406543746,'Kathleen Kelly','Kathleen',654367,'kkellyg@feedburner.com','kkellyg@feedburner.com','rabu/13.00-15.00','BNI',3573457848151547,'http://tinypic.com/view.php?pic=2mepzqf&s=54','http://tinypic.com/view.php?pic=2mepzqf&s=54');
INSERT INTO mahasiswa VALUES (1406543747,'Arthur Lopez','Arthur',654368,'alopezh@sina.com.cn','alopezh@sina.com.cn','kamis/14.00-16.00','BNI',3.02969E+13,'http://tinypic.com/view.php?pic=2mepzqf&s=55','http://tinypic.com/view.php?pic=2mepzqf&s=55');
INSERT INTO mahasiswa VALUES (1406543748,'Sara Webb','Sara',654369,'swebbi@hostgator.com','swebbi@hostgator.com','selasa/13.00-15.00','BNI',5602242304807075,'http://tinypic.com/view.php?pic=2mepzqf&s=56','http://tinypic.com/view.php?pic=2mepzqf&s=56');
INSERT INTO mahasiswa VALUES (1406543749,'Roy Morris','Roy',654370,'rmorrisj@tmall.com','rmorrisj@tmall.com','selasa/13.00-15.00','Mandiri',3536487024151124,'http://tinypic.com/view.php?pic=2mepzqf&s=57','http://tinypic.com/view.php?pic=2mepzqf&s=57');
INSERT INTO mahasiswa VALUES (1406543750,'Patrick Harris','Patrick',654371,'pharrisk@gravatar.com','pharrisk@gravatar.com','selasa/13.00-15.00','BCA',3.76746E+14,'http://tinypic.com/view.php?pic=2mepzqf&s=58','http://tinypic.com/view.php?pic=2mepzqf&s=58');
INSERT INTO mahasiswa VALUES (1406543751,'Elizabeth Kelley','Elizabeth',654372,'ekelleyl@weather.com','ekelleyl@weather.com','rabu/13.00-15.00','BNI',3531173976297546,'http://tinypic.com/view.php?pic=2mepzqf&s=59','http://tinypic.com/view.php?pic=2mepzqf&s=59');
INSERT INTO mahasiswa VALUES (1406543752,'Catherine Mitchell','Catherine',654373,'cmitchellm@blogspot.com','cmitchellm@blogspot.com','rabu/13.00-15.00','Mandiri',3531179732570621,'http://tinypic.com/view.php?pic=2mepzqf&s=60','http://tinypic.com/view.php?pic=2mepzqf&s=60');
INSERT INTO mahasiswa VALUES (1406543753,'Sean Perry','Sean',654374,'sperryn@vkontakte.ru','sperryn@vkontakte.ru','selasa/13.00-15.00','BCA',3546754605702494,'http://tinypic.com/view.php?pic=2mepzqf&s=61','http://tinypic.com/view.php?pic=2mepzqf&s=61');
INSERT INTO mahasiswa VALUES (1406543754,'Matthew Williams','Matthew',654375,'mwilliamso@china.com.cn','mwilliamso@china.com.cn','rabu/13.00-15.00','Mandiri',5002354123005553,'http://tinypic.com/view.php?pic=2mepzqf&s=62','http://tinypic.com/view.php?pic=2mepzqf&s=62');
INSERT INTO mahasiswa VALUES (1406543755,'Irene Ortiz','Irene',654376,'iortizp@blinklist.com','iortizp@blinklist.com','rabu/13.00-15.00','BRI',4844464097197693,'http://tinypic.com/view.php?pic=2mepzqf&s=63','http://tinypic.com/view.php?pic=2mepzqf&s=63');
INSERT INTO mahasiswa VALUES (1406543756,'Jose Johnston','Jose',654377,'jjohnstonq@goodreads.com','jjohnstonq@goodreads.com','kamis/14.00-16.00','BRI',3544931984504624,'http://tinypic.com/view.php?pic=2mepzqf&s=64','http://tinypic.com/view.php?pic=2mepzqf&s=64');
INSERT INTO mahasiswa VALUES (1406543757,'Harold Gomez','Harold',654378,'hgomezr@amazon.co.uk','hgomezr@amazon.co.uk','selasa/13.00-15.00','BRI',3.79827E+14,'http://tinypic.com/view.php?pic=2mepzqf&s=65','http://tinypic.com/view.php?pic=2mepzqf&s=65');
INSERT INTO mahasiswa VALUES (1406543758,'Diana Sanchez','Diana',654379,'dsanchezs@reuters.com','dsanchezs@reuters.com','senin/19.00-21.00','BI',4.50858E+12,'http://tinypic.com/view.php?pic=2mepzqf&s=66','http://tinypic.com/view.php?pic=2mepzqf&s=66');
INSERT INTO mahasiswa VALUES (1406543759,'Alice Green','Alice',654380,'agreent@clickbank.net','agreent@clickbank.net','rabu/13.00-15.00','BI',3575800839891357,'http://tinypic.com/view.php?pic=2mepzqf&s=67','http://tinypic.com/view.php?pic=2mepzqf&s=67');
INSERT INTO mahasiswa VALUES (1406543760,'George Hansen','George',654381,'ghansenu@fastcompany.com','ghansenu@fastcompany.com','kamis/14.00-16.00','BI',4017958962423994,'http://tinypic.com/view.php?pic=2mepzqf&s=68','http://tinypic.com/view.php?pic=2mepzqf&s=68');
INSERT INTO mahasiswa VALUES (1406543761,'Sharon Romero','Sharon',654382,'sromerov@friendfeed.com','sromerov@friendfeed.com','selasa/13.00-15.00','BI',3.56304E+12,'http://tinypic.com/view.php?pic=2mepzqf&s=69','http://tinypic.com/view.php?pic=2mepzqf&s=69');
INSERT INTO mahasiswa VALUES (1406543762,'Jacqueline Murphy','Jacqueline',654383,'jmurphyw@mozilla.org','jmurphyw@mozilla.org','selasa/13.00-15.00','BNI',4905242953011323,'http://tinypic.com/view.php?pic=2mepzqf&s=70','http://tinypic.com/view.php?pic=2mepzqf&s=70');
INSERT INTO mahasiswa VALUES (1406543763,'Cheryl King','Cheryl',654384,'ckingx@google.nl','ckingx@google.nl','selasa/13.00-15.00','Mandiri',5602248320936145,'http://tinypic.com/view.php?pic=2mepzqf&s=71','http://tinypic.com/view.php?pic=2mepzqf&s=71');
INSERT INTO mahasiswa VALUES (1406543764,'Evelyn Riley','Evelyn',654385,'erileyy@google.fr','erileyy@google.fr','rabu/13.00-15.00','BCA',3569913268086189,'http://tinypic.com/view.php?pic=2mepzqf&s=72','http://tinypic.com/view.php?pic=2mepzqf&s=72');
INSERT INTO mahasiswa VALUES (1406543765,'Barbara Robertson','Barbara',654386,'brobertsonz@1und1.de','brobertsonz@1und1.de','rabu/13.00-15.00','BNI',6386102148259323,'http://tinypic.com/view.php?pic=2mepzqf&s=73','http://tinypic.com/view.php?pic=2mepzqf&s=73');
INSERT INTO mahasiswa VALUES (1406543766,'Edward Clark','Edward',654387,'eclark10@java.com','eclark10@java.com','selasa/13.00-15.00','Mandiri',2.01893E+14,'http://tinypic.com/view.php?pic=2mepzqf&s=74','http://tinypic.com/view.php?pic=2mepzqf&s=74');
INSERT INTO mahasiswa VALUES (1406543767,'Anthony Garza','Anthony',654388,'agarza11@cisco.com','agarza11@cisco.com','rabu/13.00-15.00','BCA',501838689781846279,'http://tinypic.com/view.php?pic=2mepzqf&s=75','http://tinypic.com/view.php?pic=2mepzqf&s=75');
INSERT INTO mahasiswa VALUES (1406543768,'Jeffrey Willis','Jeffrey',654389,'jwillis12@hexun.com','jwillis12@hexun.com','rabu/13.00-15.00','Mandiri',5007663984801099,'http://tinypic.com/view.php?pic=2mepzqf&s=76','http://tinypic.com/view.php?pic=2mepzqf&s=76');
INSERT INTO mahasiswa VALUES (1406543769,'Lois Richards','Lois',654390,'lrichards13@seesaa.net','lrichards13@seesaa.net','kamis/14.00-16.00','BRI',3534576949336869,'http://tinypic.com/view.php?pic=2mepzqf&s=77','http://tinypic.com/view.php?pic=2mepzqf&s=77');
INSERT INTO mahasiswa VALUES (1406543770,'Richard Wells','Richard',654391,'rwells14@live.com','rwells14@live.com','selasa/13.00-15.00','BRI',5.00766E+12,'http://tinypic.com/view.php?pic=2mepzqf&s=78','http://tinypic.com/view.php?pic=2mepzqf&s=78');
INSERT INTO mahasiswa VALUES (1406543771,'Jennifer Sullivan','Jennifer',654392,'jsullivan15@aboutads.info','jsullivan15@aboutads.info','kamis/14.00-16.00','BRI',5002359062923823,'http://tinypic.com/view.php?pic=2mepzqf&s=79','http://tinypic.com/view.php?pic=2mepzqf&s=79');
INSERT INTO mahasiswa VALUES (1406543772,'Kevin Holmes','Kevin',654393,'kholmes16@shop-pro.jp','kholmes16@shop-pro.jp','selasa/13.00-15.00','BI',3.72302E+14,'http://tinypic.com/view.php?pic=2mepzqf&s=80','http://tinypic.com/view.php?pic=2mepzqf&s=80');
INSERT INTO mahasiswa VALUES (1406543773,'Arthur Hudson','Arthur',654394,'ahudson17@reddit.com','ahudson17@reddit.com','rabu/13.00-15.00','BI',5502386911081102,'http://tinypic.com/view.php?pic=2mepzqf&s=81','http://tinypic.com/view.php?pic=2mepzqf&s=81');
INSERT INTO mahasiswa VALUES (1406543774,'Teresa Hunter','Teresa',654395,'thunter18@jalbum.net','thunter18@jalbum.net','rabu/13.00-15.00','BCA',3562195999710629,'http://tinypic.com/view.php?pic=2mepzqf&s=82','http://tinypic.com/view.php?pic=2mepzqf&s=82');
INSERT INTO mahasiswa VALUES (1406543775,'Martha Palmer','Martha',654396,'mpalmer19@hubpages.com','mpalmer19@hubpages.com','kamis/14.00-16.00','BNI',5602210323081626,'http://tinypic.com/view.php?pic=2mepzqf&s=83','http://tinypic.com/view.php?pic=2mepzqf&s=83');
INSERT INTO mahasiswa VALUES (1406543776,'Beverly Carpenter','Beverly',654397,'bcarpenter1a@berkeley.edu','bcarpenter1a@berkeley.edu','selasa/13.00-15.00','Mandiri',3584556919324847,'http://tinypic.com/view.php?pic=2mepzqf&s=84','http://tinypic.com/view.php?pic=2mepzqf&s=84');
INSERT INTO mahasiswa VALUES (1406543777,'Jesse Bell','Jesse',654398,'jbell1b@plala.or.jp','jbell1b@plala.or.jp','selasa/13.00-15.00','BCA',3529226826553528,'http://tinypic.com/view.php?pic=2mepzqf&s=85','http://tinypic.com/view.php?pic=2mepzqf&s=85');
INSERT INTO mahasiswa VALUES (1406543778,'Andrea Perry','Andrea',654399,'aperry1c@china.com.cn','aperry1c@china.com.cn','rabu/13.00-15.00','Mandiri',3583122242061837,'http://tinypic.com/view.php?pic=2mepzqf&s=86','http://tinypic.com/view.php?pic=2mepzqf&s=86');
INSERT INTO mahasiswa VALUES (1406543779,'Roger Bishop','Roger',654400,'rbishop1d@furl.net','rbishop1d@furl.net','rabu/13.00-15.00','BCA',5007661354222375,'http://tinypic.com/view.php?pic=2mepzqf&s=87','http://tinypic.com/view.php?pic=2mepzqf&s=87');
INSERT INTO mahasiswa VALUES (1406543780,'Nicholas Grant','Nicholas',654401,'ngrant1e@aol.com','ngrant1e@aol.com','kamis/14.00-16.00','BCA',3545965724515259,'http://tinypic.com/view.php?pic=2mepzqf&s=88','http://tinypic.com/view.php?pic=2mepzqf&s=88');
INSERT INTO mahasiswa VALUES (1406543781,'Kimberly Morgan','Kimberly',654402,'kmorgan1f@sourceforge.net','kmorgan1f@sourceforge.net','selasa/13.00-15.00','BNI',3.57691E+12,'http://tinypic.com/view.php?pic=2mepzqf&s=89','http://tinypic.com/view.php?pic=2mepzqf&s=89');
INSERT INTO mahasiswa VALUES (1406543782,'Dennis King','Dennis',654403,'dking1g@disqus.com','dking1g@disqus.com','selasa/13.00-15.00','BTN',3538935094183177,'http://tinypic.com/view.php?pic=2mepzqf&s=90','http://tinypic.com/view.php?pic=2mepzqf&s=90');
INSERT INTO mahasiswa VALUES (1406543783,'Joyce Stanley','Joyce',654404,'jstanley1h@sohu.com','jstanley1h@sohu.com','rabu/13.00-15.00','Mandiri',3.67526E+13,'http://tinypic.com/view.php?pic=2mepzqf&s=91','http://tinypic.com/view.php?pic=2mepzqf&s=91');
INSERT INTO mahasiswa VALUES (1406543784,'Fred Richardson','Fred',654405,'frichardson1i@pbs.org','frichardson1i@pbs.org','rabu/13.00-15.00','BCA',3.00404E+13,'http://tinypic.com/view.php?pic=2mepzqf&s=92','http://tinypic.com/view.php?pic=2mepzqf&s=92');
INSERT INTO mahasiswa VALUES (1406543785,'Phillip Bishop','Phillip',654406,'pbishop1j@rediff.com','pbishop1j@rediff.com','kamis/14.00-16.00','Mandiri',3583779302821473,'http://tinypic.com/view.php?pic=2mepzqf&s=93','http://tinypic.com/view.php?pic=2mepzqf&s=93');
INSERT INTO mahasiswa VALUES (1406543786,'Mary Alvarez','Mary',654407,'malvarez1k@homestead.com','malvarez1k@homestead.com','selasa/13.00-15.00','BRI',5641822669556439978,'http://tinypic.com/view.php?pic=2mepzqf&s=94','http://tinypic.com/view.php?pic=2mepzqf&s=94');
INSERT INTO mahasiswa VALUES (1406543787,'Daniel Hernandez','Daniel',654408,'dhernandez1l@google.fr','dhernandez1l@google.fr','senin/19.00-21.00','BRI',4041373022392694,'http://tinypic.com/view.php?pic=2mepzqf&s=95','http://tinypic.com/view.php?pic=2mepzqf&s=95');
INSERT INTO mahasiswa VALUES (1406543788,'Pamela Morgan','Pamela',654409,'pmorgan1m@state.tx.us','pmorgan1m@state.tx.us','selasa/13.00-15.00','BRI',5602249518274770510,'http://tinypic.com/view.php?pic=2mepzqf&s=96','http://tinypic.com/view.php?pic=2mepzqf&s=96');
INSERT INTO mahasiswa VALUES (1406543789,'Bonnie Mason','Bonnie',654410,'bmason1n@hhs.gov','bmason1n@hhs.gov','selasa/13.00-15.00','BI',676358880194987046,'http://tinypic.com/view.php?pic=2mepzqf&s=97','http://tinypic.com/view.php?pic=2mepzqf&s=97');
INSERT INTO mahasiswa VALUES (1406543790,'Paul Alvarez','Paul',654411,'palvarez1o@topsy.com','palvarez1o@topsy.com','selasa/13.00-15.00','BI',3.37942E+14,'http://tinypic.com/view.php?pic=2mepzqf&s=98','http://tinypic.com/view.php?pic=2mepzqf&s=98');
INSERT INTO mahasiswa VALUES (1406543791,'Arthur Reyes','Arthur',654412,'areyes1p@hc360.com','areyes1p@hc360.com','rabu/13.00-15.00','BI',3534650739409952,'http://tinypic.com/view.php?pic=2mepzqf&s=99','http://tinypic.com/view.php?pic=2mepzqf&s=99');
INSERT INTO mahasiswa VALUES (1406543792,'Brenda Boyd','Brenda',654413,'bboyd1q@ustream.tv','bboyd1q@ustream.tv','rabu/13.00-15.00','BI',3.5299E+12,'http://tinypic.com/view.php?pic=2mepzqf&s=100','http://tinypic.com/view.php?pic=2mepzqf&s=100');
INSERT INTO mahasiswa VALUES (1406543793,'Judith Walker','Judith',654414,'jwalker1r@about.me','jwalker1r@about.me','selasa/13.00-15.00','BNI',5108756240177912,'http://tinypic.com/view.php?pic=2mepzqf&s=101','http://tinypic.com/view.php?pic=2mepzqf&s=101');
INSERT INTO mahasiswa VALUES (1406543794,'Doris Mendoza','Doris',654415,'dmendoza1s@nymag.com','dmendoza1s@nymag.com','rabu/13.00-15.00','Mandiri',4917699042951817,'http://tinypic.com/view.php?pic=2mepzqf&s=102','http://tinypic.com/view.php?pic=2mepzqf&s=102');
INSERT INTO mahasiswa VALUES (1406543795,'Louise Rivera','Louise',654416,'lrivera1t@ucla.edu','lrivera1t@ucla.edu','rabu/13.00-15.00','BTN',6706575800975659818,'http://tinypic.com/view.php?pic=2mepzqf&s=103','http://tinypic.com/view.php?pic=2mepzqf&s=103');
INSERT INTO mahasiswa VALUES (1406543796,'Sean Cruz','Sean',654417,'scruz1u@vinaora.com','scruz1u@vinaora.com','kamis/14.00-16.00','BTN',3535387146509293,'http://tinypic.com/view.php?pic=2mepzqf&s=104','http://tinypic.com/view.php?pic=2mepzqf&s=104');
INSERT INTO mahasiswa VALUES (1406543797,'Charles Mitchell','Charles',654418,'cmitchell1v@va.gov','cmitchell1v@va.gov','selasa/13.00-15.00','BTN',5602222633706099,'http://tinypic.com/view.php?pic=2mepzqf&s=105','http://tinypic.com/view.php?pic=2mepzqf&s=105');
INSERT INTO mahasiswa VALUES (1406543798,'Catherine Sims','Catherine',654419,'csims1w@nbcnews.com','csims1w@nbcnews.com','senin/19.00-21.00','Mandiri',2.01877E+14,'http://tinypic.com/view.php?pic=2mepzqf&s=106','http://tinypic.com/view.php?pic=2mepzqf&s=106');
INSERT INTO mahasiswa VALUES (1406543799,'Angela Arnold','Angela',654420,'angela123@lalafest.com','angela123@lalafest.com','rabu/13.00-15.00','BRI',3.55149E+12,'http://tinypic.com/view.php?pic=2mepzqf&s=107','http://tinypic.com/view.php?pic=2mepzqf&s=107');

table mata_kuliah

INSERT INTO mata_kuliah VALUES ('IKI20505','Sistem Operasi','IKI10200');
INSERT INTO mata_kuliah VALUES ('IKI20700','Basis Data','IKI10200');
INSERT INTO mata_kuliah VALUES ('IKI20201','Perancangan & Pemrograman Web','IKI20505');
INSERT INTO mata_kuliah VALUES ('IKS22602','Enterprise Resource Planning','IKS12600');
INSERT INTO mata_kuliah VALUES ('IKI10400','Struktur Data & Algoritma','IKI10200');
INSERT INTO mata_kuliah VALUES ('IKI10200','Dasar-Dasar Pemrogaman',NULL);
INSERT INTO mata_kuliah VALUES ('IKI10200','Administrasi Bisnis',NULL);
INSERT INTO mata_kuliah VALUES ('IKS32606','Sistem Informasi Akuntansi dan Keuangan','IKS22602');
INSERT INTO mata_kuliah VALUES ('IKS31650','E-Commerce','IKS32606');
INSERT INTO mata_kuliah VALUES ('IKI12345','Fisika Dasar 2',NULL);
INSERT INTO mata_kuliah VALUES ('IKS12345','Pengantar Organisasi Komputer','IKS23456');
INSERT INTO mata_kuliah VALUES ('IKI23456','Teori Bahasa & Automata',NULL);
INSERT INTO mata_kuliah VALUES ('IKI34567','Pemrograman Deklaratif','IKS10101');
INSERT INTO mata_kuliah VALUES ('IKS23456','Pemrograman Sistem','IKI98765');
INSERT INTO mata_kuliah VALUES ('IKI45678','Jaringan Komputer','IKI23456');
INSERT INTO mata_kuliah VALUES ('IKS34567','Analisis Numerik','IKS98765');
INSERT INTO mata_kuliah VALUES ('IKS45678','Desain & Analisis Algoritma','IKI01010');
INSERT INTO mata_kuliah VALUES ('IKS98765','Embedded Systems','IKI01010');
INSERT INTO mata_kuliah VALUES ('IKI98765','Teori Informasi','IKI01010');
INSERT INTO mata_kuliah VALUES ('IKS01010','Robotika',NULL);
INSERT INTO mata_kuliah VALUES ('IKS10101','Teknologi Mobile','IKI12345');
INSERT INTO mata_kuliah VALUES ('IKI01010','Topik Khusus Arsitektur & Infrastruktur','IKI23456');
INSERT INTO mata_kuliah VALUES ('IKS22334','Kriptografi & Keamanan Informasi',NULL);
INSERT INTO mata_kuliah VALUES ('IKS44556','Layanan & Aplikasi Web','IKS45678');
INSERT INTO mata_kuliah VALUES ('IKS98799','Simulasi & Pemodelan','IKI75665');
INSERT INTO mata_kuliah VALUES ('IKS00997','Pengolahan Sinyal Dijital',NULL);
INSERT INTO mata_kuliah VALUES ('IKI24522','Sistem Terdistribusi','IKI75665');
INSERT INTO mata_kuliah VALUES ('IKI88887','Grafika Komputer','IKI01010');
INSERT INTO mata_kuliah VALUES ('IKI75665','Semantic Web','IKS00997');
INSERT INTO mata_kuliah VALUES ('IKS75437','Game Development',NULL);
INSERT INTO mata_kuliah VALUES ('IKS87678','Pemrograman Logika','IKS74564');
INSERT INTO mata_kuliah VALUES ('IKS54543','Sistem Informasi Geografis','IKI24522');
INSERT INTO mata_kuliah VALUES ('IKI87685','Data Mining','IKS74564');
INSERT INTO mata_kuliah VALUES ('IKI75477','Topik Khusus Pengolahan Informasi Multimedia','IKI76435');
INSERT INTO mata_kuliah VALUES ('IKI087879','Computational Geometry',NULL);
INSERT INTO mata_kuliah VALUES ('IKS64346','Tugas Akhir','IKI76435');
INSERT INTO mata_kuliah VALUES ('IKS74564','Bioinformatika','IKI76435');
INSERT INTO mata_kuliah VALUES ('IKS46653','Pengolahan Citra',NULL);
INSERT INTO mata_kuliah VALUES ('IKI86575','MPKT A','IKS75437');
INSERT INTO mata_kuliah VALUES ('IKI76435','MPKT B','IKI75486');
INSERT INTO mata_kuliah VALUES ('IKI36524','Supply Chain Management','IKI75486');
INSERT INTO mata_kuliah VALUES ('IKS65446','Prinsip-Prinsip Sistem Informasi',NULL);
INSERT INTO mata_kuliah VALUES ('IKI75486','Dasar-Dasar Arsitektur Komputer','IKS54543');
INSERT INTO mata_kuliah VALUES ('IKS76475','Proyek Pengembangan Sistem Informasi','IKS64346');
INSERT INTO mata_kuliah VALUES ('IKI97658','Dasar Arsitektur Komputer','IKS64346');
INSERT INTO mata_kuliah VALUES ('IKS64336','Jaringan Komunikasi Data',NULL);
INSERT INTO mata_kuliah VALUES ('IKI45734','Basis Data Lanjut','IKI75486');
INSERT INTO mata_kuliah VALUES ('IKS97543','Teknologi Mobile','IKI97658');
INSERT INTO mata_kuliah VALUES ('IKI65788','Dasar-Dasar Audit SI','IKI45734');
