TABLE LOWONGAN
INSERT INTO lowongan VALUES (1000,1,'IKI20505','TRUE',0,'Nilai A++ pada mata kuliah kehidupan',10000000003);
INSERT INTO lowongan VALUES (1001,2,'IKI10400','FALSE',4,NULL,10000000000);
INSERT INTO lowongan VALUES (1002,3,'IKI20505','FALSE',1,NULL,10000000001);
INSERT INTO lowongan VALUES (1003,4,'IKI20700','TRUE',0,NULL,10000000007);
INSERT INTO lowongan VALUES (1004,5,'IKI20201','TRUE',1,NULL,10000000002);
INSERT INTO lowongan VALUES (1005,6,'IKI20505','TRUE',2,NULL,10000000015);
INSERT INTO lowongan VALUES (1006,7,'IKS22602','TRUE',2,NULL,10000000005);
INSERT INTO lowongan VALUES (1007,8,'IKS32606','FALSE',0,NULL,10000000004);
INSERT INTO lowongan VALUES (1008,9,'IKI20700','TRUE',5,NULL,10000000003);
INSERT INTO lowongan VALUES (1009,10,'IKI10400','FALSE',1,NULL,10000000009);
INSERT INTO lowongan VALUES (1010,11,'IKS22602','FALSE',7,'Nilai A pada mata kuliah Basis Data',10000000007);
INSERT INTO lowongan VALUES (1011,12,'IKS32606','FALSE',3,NULL,10000000008);
INSERT INTO lowongan VALUES (1012,13,'IKI20700','TRUE',1,NULL,10000000012);
INSERT INTO lowongan VALUES (1013,14,'IKI10200','TRUE',2,NULL,10000000001);
INSERT INTO lowongan VALUES (1014,15,'IKS31650','FALSE',0,NULL,10000000020);
INSERT INTO lowongan VALUES (1015,16,'IKI10200','FALSE',0,NULL,10000000049);
INSERT INTO lowongan VALUES (1016,17,'IKS31650','FALSE',7,NULL,10000000048);
INSERT INTO lowongan VALUES (1017,18,'IKI20201','FALSE',3,NULL,10000000047);
INSERT INTO lowongan VALUES (1018,19,'IKS22602','FALSE',2,NULL,10000000046);
INSERT INTO lowongan VALUES (1019,20,'IKI20505','FALSE',1,NULL,10000000045);
INSERT INTO lowongan VALUES (1020,21,'IKI65788','FALSE',5,NULL,10000000044);
INSERT INTO lowongan VALUES (1021,22,'IKI75486','FALSE',2,NULL,10000000043);
INSERT INTO lowongan VALUES (1022,23,'IKS64336','FALSE',2,NULL,10000000042);
INSERT INTO lowongan VALUES (1023,24,'IKI36524','FALSE',2,NULL,10000000041);
INSERT INTO lowongan VALUES (1024,25,'IKS76475','FALSE',2,NULL,10000000040);
INSERT INTO lowongan VALUES (1025,26,'IKS64346','FALSE',4,NULL,10000000039);
INSERT INTO lowongan VALUES (1026,27,'IKI86575','FALSE',5,NULL,10000000038);
INSERT INTO lowongan VALUES (1027,28,'IKI76435','TRUE',3,NULL,10000000037);
INSERT INTO lowongan VALUES (1028,29,'IKI36524','TRUE',2,NULL,10000000036);
INSERT INTO lowongan VALUES (1029,30,'IKS65446','FALSE',5,NULL,10000000035);
INSERT INTO lowongan VALUES (1030,31,'IKI75486','TRUE',6,NULL,10000000034);
INSERT INTO lowongan VALUES (1031,32,'IKS76475','FALSE',7,NULL,10000000033);
INSERT INTO lowongan VALUES (1032,33,'IKI97658','TRUE',8,NULL,10000000032);
INSERT INTO lowongan VALUES (1033,34,'IKS64336','FALSE',9,NULL,10000000031);
INSERT INTO lowongan VALUES (1034,35,'IKI45734','FALSE',2,NULL,10000000030);
INSERT INTO lowongan VALUES (1035,36,'IKI01010','TRUE',1,NULL,10000000029);
INSERT INTO lowongan VALUES (1036,37,'IKS22334','TRUE',5,NULL,10000000028);
INSERT INTO lowongan VALUES (1037,38,'IKS44556','TRUE',6,NULL,10000000027);
INSERT INTO lowongan VALUES (1038,39,'IKS98799','TRUE',3,NULL,10000000026);
INSERT INTO lowongan VALUES (1039,40,'IKS00997','TRUE',4,NULL,10000000025);
INSERT INTO lowongan VALUES (1040,41,'IKI24522','TRUE',6,NULL,10000000024);
INSERT INTO lowongan VALUES (1041,42,'IKI88887','FALSE',3,NULL,10000000023);
INSERT INTO lowongan VALUES (1042,43,'IKI75665','FALSE',2,NULL,10000000022);
INSERT INTO lowongan VALUES (1043,44,'IKS75437','FALSE',3,NULL,10000000021);
INSERT INTO lowongan VALUES (1044,45,'IKS12345','FALSE',5,NULL,10000000020);
INSERT INTO lowongan VALUES (1045,46,'IKI23456','TRUE',6,NULL,10000000019);
INSERT INTO lowongan VALUES (1046,47,'IKI34567','FALSE',7,NULL,10000000018);
INSERT INTO lowongan VALUES (1047,48,'IKS23456','TRUE',3,NULL,10000000017);
INSERT INTO lowongan VALUES (1048,49,'IKI45678','FALSE',4,NULL,10000000016);
INSERT INTO lowongan VALUES (1049,50,'IKS34567','TRUE',2,NULL,10000000015);
INSERT INTO lowongan VALUES (1050,1,'IKI20505','FALSE',5,NULL,10000000014);
INSERT INTO lowongan VALUES (1051,2,'IKI10400','TRUE',3,NULL,10000000013);
INSERT INTO lowongan VALUES (1052,3,'IKI20505','TRUE',2,NULL,10000000012);
INSERT INTO lowongan VALUES (1053,4,'IKI20700','TRUE',11,NULL,10000000011);
INSERT INTO lowongan VALUES (1054,5,'IKI20201','TRUE',12,NULL,10000000010);
INSERT INTO lowongan VALUES (1055,6,'IKI20505','TRUE',15,NULL,10000000009);
INSERT INTO lowongan VALUES (1056,7,'IKS22602','TRUE',2,NULL,10000000008);
INSERT INTO lowongan VALUES (1057,8,'IKS32606','TRUE',5,NULL,10000000007);
INSERT INTO lowongan VALUES (1058,9,'IKI20700','FALSE',2,NULL,10000000006);
INSERT INTO lowongan VALUES (1059,10,'IKI10400','FALSE',5,NULL,10000000005);
INSERT INTO lowongan VALUES (1060,11,'IKS22602','FALSE',7,NULL,10000000004);
INSERT INTO lowongan VALUES (1061,12,'IKS32606','FALSE',8,NULL,10000000003);
INSERT INTO lowongan VALUES (1062,13,'IKI20700','FALSE',3,NULL,10000000002);
INSERT INTO lowongan VALUES (1063,14,'IKI10200','TRUE',4,NULL,10000000001);
INSERT INTO lowongan VALUES (1064,15,'IKS31650','TRUE',6,NULL,10000000000);
INSERT INTO lowongan VALUES (1065,16,'IKI10200','TRUE',10,NULL,10000000020);


TABLE DOSEN_KELAS_MK

INSERT INTO dosen_kelas_mk VALUES (10000000000,1);
INSERT INTO dosen_kelas_mk VALUES (10000000001,1);
INSERT INTO dosen_kelas_mk VALUES (10000000002,1);
INSERT INTO dosen_kelas_mk VALUES (10000000003,2);
INSERT INTO dosen_kelas_mk VALUES (10000000004,2);
INSERT INTO dosen_kelas_mk VALUES (10000000005,2);
INSERT INTO dosen_kelas_mk VALUES (10000000006,3);
INSERT INTO dosen_kelas_mk VALUES (10000000007,3);
INSERT INTO dosen_kelas_mk VALUES (10000000008,3);
INSERT INTO dosen_kelas_mk VALUES (10000000009,4);
INSERT INTO dosen_kelas_mk VALUES (10000000010,4);
INSERT INTO dosen_kelas_mk VALUES (10000000011,4);
INSERT INTO dosen_kelas_mk VALUES (10000000012,5);
INSERT INTO dosen_kelas_mk VALUES (10000000013,5);
INSERT INTO dosen_kelas_mk VALUES (10000000014,5);
INSERT INTO dosen_kelas_mk VALUES (10000000015,6);
INSERT INTO dosen_kelas_mk VALUES (10000000016,6);
INSERT INTO dosen_kelas_mk VALUES (10000000017,6);
INSERT INTO dosen_kelas_mk VALUES (10000000018,7);
INSERT INTO dosen_kelas_mk VALUES (10000000019,7);
INSERT INTO dosen_kelas_mk VALUES (10000000020,7);
INSERT INTO dosen_kelas_mk VALUES (10000000021,8);
INSERT INTO dosen_kelas_mk VALUES (10000000022,8);
INSERT INTO dosen_kelas_mk VALUES (10000000023,8);
INSERT INTO dosen_kelas_mk VALUES (10000000024,9);
INSERT INTO dosen_kelas_mk VALUES (10000000025,9);
INSERT INTO dosen_kelas_mk VALUES (10000000026,9);
INSERT INTO dosen_kelas_mk VALUES (10000000027,10);
INSERT INTO dosen_kelas_mk VALUES (10000000028,10);
INSERT INTO dosen_kelas_mk VALUES (10000000029,10);
INSERT INTO dosen_kelas_mk VALUES (10000000030,11);
INSERT INTO dosen_kelas_mk VALUES (10000000031,11);
INSERT INTO dosen_kelas_mk VALUES (10000000032,12);
INSERT INTO dosen_kelas_mk VALUES (10000000033,12);
INSERT INTO dosen_kelas_mk VALUES (10000000034,13);
INSERT INTO dosen_kelas_mk VALUES (10000000035,13);
INSERT INTO dosen_kelas_mk VALUES (10000000036,14);
INSERT INTO dosen_kelas_mk VALUES (10000000037,14);
INSERT INTO dosen_kelas_mk VALUES (10000000038,15);
INSERT INTO dosen_kelas_mk VALUES (10000000039,15);
INSERT INTO dosen_kelas_mk VALUES (10000000040,16);
INSERT INTO dosen_kelas_mk VALUES (10000000041,16);
INSERT INTO dosen_kelas_mk VALUES (10000000042,17);
INSERT INTO dosen_kelas_mk VALUES (10000000043,17);
INSERT INTO dosen_kelas_mk VALUES (10000000044,18);
INSERT INTO dosen_kelas_mk VALUES (10000000045,18);
INSERT INTO dosen_kelas_mk VALUES (10000000046,19);
INSERT INTO dosen_kelas_mk VALUES (10000000047,19);
INSERT INTO dosen_kelas_mk VALUES (10000000048,20);
INSERT INTO dosen_kelas_mk VALUES (10000000049,20);
INSERT INTO dosen_kelas_mk VALUES (10000000050,1);
INSERT INTO dosen_kelas_mk VALUES (10000000051,2);
INSERT INTO dosen_kelas_mk VALUES (10000000052,3);
INSERT INTO dosen_kelas_mk VALUES (10000000053,4);
INSERT INTO dosen_kelas_mk VALUES (10000000054,5);
INSERT INTO dosen_kelas_mk VALUES (10000000055,6);
INSERT INTO dosen_kelas_mk VALUES (10000000056,7);
INSERT INTO dosen_kelas_mk VALUES (10000000057,8);
INSERT INTO dosen_kelas_mk VALUES (10000000058,9);
INSERT INTO dosen_kelas_mk VALUES (10000000059,10);
INSERT INTO dosen_kelas_mk VALUES (10000000060,11);
INSERT INTO dosen_kelas_mk VALUES (10000000061,12);
INSERT INTO dosen_kelas_mk VALUES (10000000062,13);
INSERT INTO dosen_kelas_mk VALUES (10000000063,14);
INSERT INTO dosen_kelas_mk VALUES (10000000064,15);
INSERT INTO dosen_kelas_mk VALUES (10000000065,16);
INSERT INTO dosen_kelas_mk VALUES (10000000066,17);
INSERT INTO dosen_kelas_mk VALUES (10000000067,18);
INSERT INTO dosen_kelas_mk VALUES (10000000068,19);
INSERT INTO dosen_kelas_mk VALUES (10000000069,20);
INSERT INTO dosen_kelas_mk VALUES (10000000070,21);
INSERT INTO dosen_kelas_mk VALUES (10000000071,22);
INSERT INTO dosen_kelas_mk VALUES (10000000072,23);
INSERT INTO dosen_kelas_mk VALUES (10000000073,24);
INSERT INTO dosen_kelas_mk VALUES (10000000074,25);
INSERT INTO dosen_kelas_mk VALUES (10000000075,26);
INSERT INTO dosen_kelas_mk VALUES (10000000076,27);
INSERT INTO dosen_kelas_mk VALUES (10000000077,28);
INSERT INTO dosen_kelas_mk VALUES (10000000078,29);
INSERT INTO dosen_kelas_mk VALUES (10000000079,30);
TABLE KATEGORI_LOG

INSERT INTO kategori_log VALUES (1,'plain text');
INSERT INTO kategori_log VALUES (2,'image');
INSERT INTO kategori_log VALUES (3,'audio');
INSERT INTO kategori_log VALUES (4,'video');
INSERT INTO kategori_log VALUES (5,'compressed file');
INSERT INTO kategori_log VALUES (6,'document');
INSERT INTO kategori_log VALUES (7,'spreadsheet');
INSERT INTO kategori_log VALUES (8,'presentation');
INSERT INTO kategori_log VALUES (9,'other');

TABLE KELAS_MK

INSERT INTO kelas_mk VALUES (1,2014,2,'IKI20505');
INSERT INTO kelas_mk VALUES (2,2016,1,'IKI10400');
INSERT INTO kelas_mk VALUES (3,2016,3,'IKI20505');
INSERT INTO kelas_mk VALUES (4,2015,1,'IKI20700');
INSERT INTO kelas_mk VALUES (5,2014,3,'IKI20201');
INSERT INTO kelas_mk VALUES (6,2014,2,'IKI20505');
INSERT INTO kelas_mk VALUES (7,2015,3,'IKS22602');
INSERT INTO kelas_mk VALUES (8,2015,1,'IKS32606');
INSERT INTO kelas_mk VALUES (9,2016,1,'IKI20700');
INSERT INTO kelas_mk VALUES (10,2014,1,'IKI10400');
INSERT INTO kelas_mk VALUES (11,2015,3,'IKS22602');
INSERT INTO kelas_mk VALUES (12,2016,2,'IKS32606');
INSERT INTO kelas_mk VALUES (13,2015,2,'IKI20700');
INSERT INTO kelas_mk VALUES (14,2014,3,'IKI10200');
INSERT INTO kelas_mk VALUES (15,2014,1,'IKS31650');
INSERT INTO kelas_mk VALUES (16,2016,1,'IKI10200');
INSERT INTO kelas_mk VALUES (17,2015,2,'IKS31650');
INSERT INTO kelas_mk VALUES (18,2015,2,'IKI20201');
INSERT INTO kelas_mk VALUES (19,2014,3,'IKS22602');
INSERT INTO kelas_mk VALUES (20,2016,1,'IKI20505');
INSERT INTO kelas_mk VALUES (21,2014,3,'IKI65788');
INSERT INTO kelas_mk VALUES (22,2016,2,'IKI75486');
INSERT INTO kelas_mk VALUES (23,2014,2,'IKS64336');
INSERT INTO kelas_mk VALUES (24,2015,1,'IKI36524');
INSERT INTO kelas_mk VALUES (25,2016,3,'IKS76475');
INSERT INTO kelas_mk VALUES (26,2014,1,'IKS64346');
INSERT INTO kelas_mk VALUES (27,2014,1,'IKI86575');
INSERT INTO kelas_mk VALUES (28,2016,3,'IKI76435');
INSERT INTO kelas_mk VALUES (29,2015,2,'IKI36524');
INSERT INTO kelas_mk VALUES (30,2015,3,'IKS65446');
INSERT INTO kelas_mk VALUES (31,2016,3,'IKI75486');
INSERT INTO kelas_mk VALUES (32,2014,1,'IKS76475');
INSERT INTO kelas_mk VALUES (33,2016,3,'IKI97658');
INSERT INTO kelas_mk VALUES (34,2014,2,'IKS64336');
INSERT INTO kelas_mk VALUES (35,2016,2,'IKI45734');
INSERT INTO kelas_mk VALUES (36,2015,2,'IKI01010');
INSERT INTO kelas_mk VALUES (37,2016,1,'IKS22334');
INSERT INTO kelas_mk VALUES (38,2016,3,'IKS44556');
INSERT INTO kelas_mk VALUES (39,2014,2,'IKS98799');
INSERT INTO kelas_mk VALUES (40,2015,1,'IKS00997');
INSERT INTO kelas_mk VALUES (41,2014,3,'IKI24522');
INSERT INTO kelas_mk VALUES (42,2016,2,'IKI88887');
INSERT INTO kelas_mk VALUES (43,2014,2,'IKI75665');
INSERT INTO kelas_mk VALUES (44,2016,2,'IKS75437');
INSERT INTO kelas_mk VALUES (45,2016,1,'IKS12345');
INSERT INTO kelas_mk VALUES (46,2015,3,'IKI23456');
INSERT INTO kelas_mk VALUES (47,2014,1,'IKI34567');
INSERT INTO kelas_mk VALUES (48,2015,1,'IKS23456');
INSERT INTO kelas_mk VALUES (49,2014,3,'IKI45678');
INSERT INTO kelas_mk VALUES (50,2015,2,'IKS34567');

table mahasiswa

INSERT INTO mahasiswa VALUES (1406543700,'Bagus Putra Handoko','bagus.putra',654321,'bagus.putra@ui.ac.id','bagus.putra@ui.ac.id','senin/19.00-21.00','Mandiri',0213606408,'http://tinypic.com/view.php?pic=2mepzqf&s=8','http://tinypic.com/view.php?pic=2mepzqf&s=8');
INSERT INTO mahasiswa VALUES (1406543701,'Eka Saputra Wijaya','eka.saputra',654322,'eka.saputra@ui.ac.id','eka.saputra@ui.ac.id','rabu/13.00-15.00','BCA',6438374830,'http://tinypic.com/view.php?pic=2mepzqf&s=9','http://tinypic.com/view.php?pic=2mepzqf&s=9');
INSERT INTO mahasiswa VALUES (1406543702,'Meisielia','meisielia',654323,'meisielia@ui.ac.id','meisielia@ui.ac.id','kamis/14.00-16.00','BNI',4485748900,'http://tinypic.com/view.php?pic=2mepzqf&s=10','http://tinypic.com/view.php?pic=2mepzqf&s=10');
INSERT INTO mahasiswa VALUES (1406543703,'Abih Gunawan','abihg',654324,'abihg@ui.ac.id','abihg@ui.ac.id','selasa/13.00-15.00','BNI',3627346284,'http://tinypic.com/view.php?pic=2mepzqf&s=11','http://tinypic.com/view.php?pic=2mepzqf&s=11');
INSERT INTO mahasiswa VALUES (1406543704,'Sutomo','sutomo',654325,'sutomo@ui.ac.id','sutomo@ui.ac.id','rabu/13.00-15.00','Mandiri',47438922,'http://tinypic.com/view.php?pic=2mepzqf&s=12','http://tinypic.com/view.php?pic=2mepzqf&s=12');
INSERT INTO mahasiswa VALUES (1406543705,'Fransky Avianto','fransky',654326,'fransky@ui.ac.id','fransky@ui.ac.id','rabu/13.00-15.00','BCA',4423642345,'http://tinypic.com/view.php?pic=2mepzqf&s=13','http://tinypic.com/view.php?pic=2mepzqf&s=13');
INSERT INTO mahasiswa VALUES (1406543706,'Juniana Lesia','juniana',654327,'juniana@ui.ac.id','juniana@ui.ac.id','kamis/14.00-16.00','BCA',2903934,'http://tinypic.com/view.php?pic=2mepzqf&s=14','http://tinypic.com/view.php?pic=2mepzqf&s=14');
INSERT INTO mahasiswa VALUES (1406543707,'Steven Alan','steven.a',654328,'steven.a@ui.ac.id','steven.a@ui.ac.id','selasa/13.00-15.00','BNI',2034463755,'http://tinypic.com/view.php?pic=2mepzqf&s=15','http://tinypic.com/view.php?pic=2mepzqf&s=15');
INSERT INTO mahasiswa VALUES (1406543708,'Margaret Maputera','margaret',654329,'margaret@ui.ac.id','margaret@ui.ac.id','selasa/13.00-15.00','BNI',34634935350,'http://tinypic.com/view.php?pic=2mepzqf&s=16','http://tinypic.com/view.php?pic=2mepzqf&s=16');
INSERT INTO mahasiswa VALUES (1406543709,'Yohanes Theo Prakoso ','yohanes',654330,'yohanes@ui.ac.id','yohanes@ui.ac.id','rabu/13.00-15.00','Mandiri',4.57454E+12,'http://tinypic.com/view.php?pic=2mepzqf&s=17','http://tinypic.com/view.php?pic=2mepzqf&s=17');
INSERT INTO mahasiswa VALUES (1406543710,'Selvia','selvia',654331,'selvia@ui.ac.id','selvia@ui.ac.id','rabu/13.00-15.00','BCA',5.58928E+14,'http://tinypic.com/view.php?pic=2mepzqf&s=18','http://tinypic.com/view.php?pic=2mepzqf&s=18');
INSERT INTO mahasiswa VALUES (1406543711,'Gerry Leonanda','gerry',654332,'gerry@ui.ac.id','gerry@ui.ac.id','kamis/14.00-16.00','BNI',570958,'http://tinypic.com/view.php?pic=2mepzqf&s=19','http://tinypic.com/view.php?pic=2mepzqf&s=19');
INSERT INTO mahasiswa VALUES (1406543712,'Elis Natalia','elis',654333,'elis@ui.ac.id','elis@ui.ac.id','selasa/13.00-15.00','Mandiri',5745934594,'http://tinypic.com/view.php?pic=2mepzqf&s=20','http://tinypic.com/view.php?pic=2mepzqf&s=20');
INSERT INTO mahasiswa VALUES (1406543713,'Aniz Winarni','aniz',654334,'aniz@ui.ac.id','aniz@ui.ac.id','senin/19.00-21.00','BCA',74547536,'http://tinypic.com/view.php?pic=2mepzqf&s=21','http://tinypic.com/view.php?pic=2mepzqf&s=21');
INSERT INTO mahasiswa VALUES (1406543714,'Shenny Veronica','shenny',654335,'shenny@ui.ac.id','shenny@ui.ac.id','rabu/13.00-15.00','BNI',5658565,'http://tinypic.com/view.php?pic=2mepzqf&s=22','http://tinypic.com/view.php?pic=2mepzqf&s=22');
INSERT INTO mahasiswa VALUES (1406543715,'William','william',654336,'william@ui.ac.id','william@ui.ac.id','kamis/14.00-16.00','BNI',5658520,'http://tinypic.com/view.php?pic=2mepzqf&s=23','http://tinypic.com/view.php?pic=2mepzqf&s=23');
INSERT INTO mahasiswa VALUES (1406543716,'Natalia Devina','natalia',654337,'natalia@ui.ac.id','natalia@ui.ac.id','selasa/13.00-15.00','Mandiri',5659289292,'http://tinypic.com/view.php?pic=2mepzqf&s=24','http://tinypic.com/view.php?pic=2mepzqf&s=24');
INSERT INTO mahasiswa VALUES (1406543717,'Hendrik','hendrik',654338,'hendrik@ui.ac.id','hendrik@ui.ac.id','rabu/13.00-15.00','BCA',56572925,'http://tinypic.com/view.php?pic=2mepzqf&s=25','http://tinypic.com/view.php?pic=2mepzqf&s=25');
INSERT INTO mahasiswa VALUES (1406543718,'Vilia Sylvia','vilia',654339,'vilia@ui.ac.id','vilia@ui.ac.id','rabu/13.00-15.00','BCA',35652529259,'http://tinypic.com/view.php?pic=2mepzqf&s=26','http://tinypic.com/view.php?pic=2mepzqf&s=26');
INSERT INTO mahasiswa VALUES (1406543719,'Valencia Utari','valencia',654340,'valencia@ui.ac.id','valencia@ui.ac.id','kamis/14.00-16.00','BNI',56928292829,'http://tinypic.com/view.php?pic=2mepzqf&s=27','http://tinypic.com/view.php?pic=2mepzqf&s=27');
INSERT INTO mahasiswa VALUES (1406543720,'Halim Rusli','halim',654341,'halim@ui.ac.id','halim@ui.ac.id','selasa/13.00-15.00','BNI',5655692255,'http://tinypic.com/view.php?pic=2mepzqf&s=28','http://tinypic.com/view.php?pic=2mepzqf&s=28');
INSERT INTO mahasiswa VALUES (1406543721,'Christopher Tan','chris',654342,'chris@ui.ac.id','chris@ui.ac.id','selasa/13.00-15.00','Mandiri',592845675,'http://tinypic.com/view.php?pic=2mepzqf&s=29','http://tinypic.com/view.php?pic=2mepzqf&s=29');
INSERT INTO mahasiswa VALUES (1406543722,'Lucille Marchelline','lucille',654343,'lucille@ui.ac.id','lucille@ui.ac.id','rabu/13.00-15.00','BCA',5689847654,'http://tinypic.com/view.php?pic=2mepzqf&s=30','http://tinypic.com/view.php?pic=2mepzqf&s=30');
INSERT INTO mahasiswa VALUES (1406543723,'Maria Kristina','maria',654344,'maria@ui.ac.id','maria@ui.ac.id','rabu/13.00-15.00','BNI',56573853595,'http://tinypic.com/view.php?pic=2mepzqf&s=31','http://tinypic.com/view.php?pic=2mepzqf&s=31');
INSERT INTO mahasiswa VALUES (1406543724,'Louise Peter','louise',654345,'louise@ui.ac.id','louise@ui.ac.id','kamis/14.00-16.00','Mandiri',56587562525,'http://tinypic.com/view.php?pic=2mepzqf&s=32','http://tinypic.com/view.php?pic=2mepzqf&s=32');
INSERT INTO mahasiswa VALUES (1406543725,'Olivia Edina','olivia',654346,'olivia@ui.ac.id','olivia@ui.ac.id','selasa/13.00-15.00','BCA',5565245434,'http://tinypic.com/view.php?pic=2mepzqf&s=33','http://tinypic.com/view.php?pic=2mepzqf&s=33');
INSERT INTO mahasiswa VALUES (1406543726,'Novita','novita',654347,'novita@ui.ac.id','novita@ui.ac.id','selasa/13.00-15.00','Mandiri',58495845940,'http://tinypic.com/view.php?pic=2mepzqf&s=34','http://tinypic.com/view.php?pic=2mepzqf&s=34');
INSERT INTO mahasiswa VALUES (1406543727,'Setiawan Saputera','setiawan',654348,'setiawan@ui.ac.id','setiawan@ui.ac.id','selasa/13.00-15.00','BCA',4564534675,'http://tinypic.com/view.php?pic=2mepzqf&s=35','http://tinypic.com/view.php?pic=2mepzqf&s=35');
INSERT INTO mahasiswa VALUES (1406543728,'Rendy Bramista','rendy',654349,'rendy@ui.ac.id','rendy@ui.ac.id','rabu/13.00-15.00','BCA',3.22873E+12,'http://tinypic.com/view.php?pic=2mepzqf&s=36','http://tinypic.com/view.php?pic=2mepzqf&s=36');
INSERT INTO mahasiswa VALUES (1406543729,'intan dwi','intan',654350,'intan@ui.ac.id','intan@ui.ac.id','rabu/13.00-15.00','BNI',52728297927,'http://tinypic.com/view.php?pic=2mepzqf&s=37','http://tinypic.com/view.php?pic=2mepzqf&s=37');
INSERT INTO mahasiswa VALUES (1406543730,'Gerald Patterson','Gerald',654351,'gpatterson0@ask.com','gpatterson0@ask.com','selasa/13.00-15.00','BTN',4026485819004701,'http://tinypic.com/view.php?pic=2mepzqf&s=38','http://tinypic.com/view.php?pic=2mepzqf&s=38');
INSERT INTO mahasiswa VALUES (1406543731,'Kathleen Harvey','Kathleen',654352,'kharvey1@google.co.jp','kharvey1@google.co.jp','rabu/13.00-15.00','BRI',4.81875E+12,'http://tinypic.com/view.php?pic=2mepzqf&s=39','http://tinypic.com/view.php?pic=2mepzqf&s=39');
INSERT INTO mahasiswa VALUES (1406543732,'Evelyn Burton','Evelyn',654353,'eburton2@odnoklassniki.ru','eburton2@odnoklassniki.ru','rabu/13.00-15.00','Mandiri',4041376517367204,'http://tinypic.com/view.php?pic=2mepzqf&s=40','http://tinypic.com/view.php?pic=2mepzqf&s=40');
INSERT INTO mahasiswa VALUES (1406543733,'Dennis Alexander','Dennis',654354,'dalexander3@nsw.gov.au','dalexander3@nsw.gov.au','kamis/14.00-16.00','BCA',3540907042211406,'http://tinypic.com/view.php?pic=2mepzqf&s=41','http://tinypic.com/view.php?pic=2mepzqf&s=41');
INSERT INTO mahasiswa VALUES (1406543734,'Amy Knight','Amy',654355,'aknight4@domainmarket.com','aknight4@domainmarket.com','selasa/13.00-15.00','BNI',4.17501E+13,'http://tinypic.com/view.php?pic=2mepzqf&s=42','http://tinypic.com/view.php?pic=2mepzqf&s=42');
INSERT INTO mahasiswa VALUES (1406543735,'Matthew Long','Matthew',654356,'mlong5@ted.com','mlong5@ted.com','kamis/14.00-16.00','BRI',3558500669035494,'http://tinypic.com/view.php?pic=2mepzqf&s=43','http://tinypic.com/view.php?pic=2mepzqf&s=43');
INSERT INTO mahasiswa VALUES (1406543736,'Kathleen Wood','Kathleen',654357,'kwood6@washington.edu','kwood6@washington.edu','selasa/13.00-15.00','Mandiri',3546077413001127,'http://tinypic.com/view.php?pic=2mepzqf&s=44','http://tinypic.com/view.php?pic=2mepzqf&s=44');
INSERT INTO mahasiswa VALUES (1406543737,'Barbara Arnold','Barbara',654358,'barnold7@booking.com','barnold7@booking.com','rabu/13.00-15.00','BRI',6331106964695376783,'http://tinypic.com/view.php?pic=2mepzqf&s=45','http://tinypic.com/view.php?pic=2mepzqf&s=45');
INSERT INTO mahasiswa VALUES (1406543738,'Maria Andrews','Maria',654359,'mandrews8@oakley.com','mandrews8@oakley.com','rabu/13.00-15.00','BRI',633110240014017666,'http://tinypic.com/view.php?pic=2mepzqf&s=46','http://tinypic.com/view.php?pic=2mepzqf&s=46');
INSERT INTO mahasiswa VALUES (1406543739,'Harold Williamson','Harold',654360,'hwilliamson9@biglobe.ne.jp','hwilliamson9@biglobe.ne.jp','kamis/14.00-16.00','BRI',4026262847772413,'http://tinypic.com/view.php?pic=2mepzqf&s=47','http://tinypic.com/view.php?pic=2mepzqf&s=47');
INSERT INTO mahasiswa VALUES (1406543740,'Philip White','Philip',654361,'pwhitea@yolasite.com','pwhitea@yolasite.com','selasa/13.00-15.00','Mandiri',3581505764367057,'http://tinypic.com/view.php?pic=2mepzqf&s=48','http://tinypic.com/view.php?pic=2mepzqf&s=48');
INSERT INTO mahasiswa VALUES (1406543741,'Emily Myers','Emily',654362,'emyersb@un.org','emyersb@un.org','selasa/13.00-15.00','BNI',5002355689906696,'http://tinypic.com/view.php?pic=2mepzqf&s=49','http://tinypic.com/view.php?pic=2mepzqf&s=49');
INSERT INTO mahasiswa VALUES (1406543742,'Sharon Collins','Sharon',654363,'scollinsc@diigo.com','scollinsc@diigo.com','kamis/14.00-16.00','BNI',3.52946E+12,'http://tinypic.com/view.php?pic=2mepzqf&s=50','http://tinypic.com/view.php?pic=2mepzqf&s=50');
INSERT INTO mahasiswa VALUES (1406543743,'Kathy Stewart','Kathy',654364,'kstewartd@pcworld.com','kstewartd@pcworld.com','selasa/13.00-15.00','Mandiri',3561862352449217,'http://tinypic.com/view.php?pic=2mepzqf&s=51','http://tinypic.com/view.php?pic=2mepzqf&s=51');
INSERT INTO mahasiswa VALUES (1406543744,'Antonio Evans','Antonio',654365,'aevanse@umich.edu','aevanse@umich.edu','selasa/13.00-15.00','BCA',4917057995411398,'http://tinypic.com/view.php?pic=2mepzqf&s=52','http://tinypic.com/view.php?pic=2mepzqf&s=52');
INSERT INTO mahasiswa VALUES (1406543745,'Carlos Nguyen','Carlos',654366,'cnguyenf@smugmug.com','cnguyenf@smugmug.com','rabu/13.00-15.00','BCA',2.01752E+14,'http://tinypic.com/view.php?pic=2mepzqf&s=53','http://tinypic.com/view.php?pic=2mepzqf&s=53');
INSERT INTO mahasiswa VALUES (1406543746,'Kathleen Kelly','Kathleen',654367,'kkellyg@feedburner.com','kkellyg@feedburner.com','rabu/13.00-15.00','BNI',3573457848151547,'http://tinypic.com/view.php?pic=2mepzqf&s=54','http://tinypic.com/view.php?pic=2mepzqf&s=54');
INSERT INTO mahasiswa VALUES (1406543747,'Arthur Lopez','Arthur',654368,'alopezh@sina.com.cn','alopezh@sina.com.cn','kamis/14.00-16.00','BNI',3.02969E+13,'http://tinypic.com/view.php?pic=2mepzqf&s=55','http://tinypic.com/view.php?pic=2mepzqf&s=55');
INSERT INTO mahasiswa VALUES (1406543748,'Sara Webb','Sara',654369,'swebbi@hostgator.com','swebbi@hostgator.com','selasa/13.00-15.00','BNI',5602242304807075,'http://tinypic.com/view.php?pic=2mepzqf&s=56','http://tinypic.com/view.php?pic=2mepzqf&s=56');
INSERT INTO mahasiswa VALUES (1406543749,'Roy Morris','Roy',654370,'rmorrisj@tmall.com','rmorrisj@tmall.com','selasa/13.00-15.00','Mandiri',3536487024151124,'http://tinypic.com/view.php?pic=2mepzqf&s=57','http://tinypic.com/view.php?pic=2mepzqf&s=57');
INSERT INTO mahasiswa VALUES (1406543750,'Patrick Harris','Patrick',654371,'pharrisk@gravatar.com','pharrisk@gravatar.com','selasa/13.00-15.00','BCA',3.76746E+14,'http://tinypic.com/view.php?pic=2mepzqf&s=58','http://tinypic.com/view.php?pic=2mepzqf&s=58');
INSERT INTO mahasiswa VALUES (1406543751,'Elizabeth Kelley','Elizabeth',654372,'ekelleyl@weather.com','ekelleyl@weather.com','rabu/13.00-15.00','BNI',3531173976297546,'http://tinypic.com/view.php?pic=2mepzqf&s=59','http://tinypic.com/view.php?pic=2mepzqf&s=59');
INSERT INTO mahasiswa VALUES (1406543752,'Catherine Mitchell','Catherine',654373,'cmitchellm@blogspot.com','cmitchellm@blogspot.com','rabu/13.00-15.00','Mandiri',3531179732570621,'http://tinypic.com/view.php?pic=2mepzqf&s=60','http://tinypic.com/view.php?pic=2mepzqf&s=60');
INSERT INTO mahasiswa VALUES (1406543753,'Sean Perry','Sean',654374,'sperryn@vkontakte.ru','sperryn@vkontakte.ru','selasa/13.00-15.00','BCA',3546754605702494,'http://tinypic.com/view.php?pic=2mepzqf&s=61','http://tinypic.com/view.php?pic=2mepzqf&s=61');
INSERT INTO mahasiswa VALUES (1406543754,'Matthew Williams','Matthew',654375,'mwilliamso@china.com.cn','mwilliamso@china.com.cn','rabu/13.00-15.00','Mandiri',5002354123005553,'http://tinypic.com/view.php?pic=2mepzqf&s=62','http://tinypic.com/view.php?pic=2mepzqf&s=62');
INSERT INTO mahasiswa VALUES (1406543755,'Irene Ortiz','Irene',654376,'iortizp@blinklist.com','iortizp@blinklist.com','rabu/13.00-15.00','BRI',4844464097197693,'http://tinypic.com/view.php?pic=2mepzqf&s=63','http://tinypic.com/view.php?pic=2mepzqf&s=63');
INSERT INTO mahasiswa VALUES (1406543756,'Jose Johnston','Jose',654377,'jjohnstonq@goodreads.com','jjohnstonq@goodreads.com','kamis/14.00-16.00','BRI',3544931984504624,'http://tinypic.com/view.php?pic=2mepzqf&s=64','http://tinypic.com/view.php?pic=2mepzqf&s=64');
INSERT INTO mahasiswa VALUES (1406543757,'Harold Gomez','Harold',654378,'hgomezr@amazon.co.uk','hgomezr@amazon.co.uk','selasa/13.00-15.00','BRI',3.79827E+14,'http://tinypic.com/view.php?pic=2mepzqf&s=65','http://tinypic.com/view.php?pic=2mepzqf&s=65');
INSERT INTO mahasiswa VALUES (1406543758,'Diana Sanchez','Diana',654379,'dsanchezs@reuters.com','dsanchezs@reuters.com','senin/19.00-21.00','BI',4.50858E+12,'http://tinypic.com/view.php?pic=2mepzqf&s=66','http://tinypic.com/view.php?pic=2mepzqf&s=66');
INSERT INTO mahasiswa VALUES (1406543759,'Alice Green','Alice',654380,'agreent@clickbank.net','agreent@clickbank.net','rabu/13.00-15.00','BI',3575800839891357,'http://tinypic.com/view.php?pic=2mepzqf&s=67','http://tinypic.com/view.php?pic=2mepzqf&s=67');
INSERT INTO mahasiswa VALUES (1406543760,'George Hansen','George',654381,'ghansenu@fastcompany.com','ghansenu@fastcompany.com','kamis/14.00-16.00','BI',4017958962423994,'http://tinypic.com/view.php?pic=2mepzqf&s=68','http://tinypic.com/view.php?pic=2mepzqf&s=68');
INSERT INTO mahasiswa VALUES (1406543761,'Sharon Romero','Sharon',654382,'sromerov@friendfeed.com','sromerov@friendfeed.com','selasa/13.00-15.00','BI',3.56304E+12,'http://tinypic.com/view.php?pic=2mepzqf&s=69','http://tinypic.com/view.php?pic=2mepzqf&s=69');
INSERT INTO mahasiswa VALUES (1406543762,'Jacqueline Murphy','Jacqueline',654383,'jmurphyw@mozilla.org','jmurphyw@mozilla.org','selasa/13.00-15.00','BNI',4905242953011323,'http://tinypic.com/view.php?pic=2mepzqf&s=70','http://tinypic.com/view.php?pic=2mepzqf&s=70');
INSERT INTO mahasiswa VALUES (1406543763,'Cheryl King','Cheryl',654384,'ckingx@google.nl','ckingx@google.nl','selasa/13.00-15.00','Mandiri',5602248320936145,'http://tinypic.com/view.php?pic=2mepzqf&s=71','http://tinypic.com/view.php?pic=2mepzqf&s=71');
INSERT INTO mahasiswa VALUES (1406543764,'Evelyn Riley','Evelyn',654385,'erileyy@google.fr','erileyy@google.fr','rabu/13.00-15.00','BCA',3569913268086189,'http://tinypic.com/view.php?pic=2mepzqf&s=72','http://tinypic.com/view.php?pic=2mepzqf&s=72');
INSERT INTO mahasiswa VALUES (1406543765,'Barbara Robertson','Barbara',654386,'brobertsonz@1und1.de','brobertsonz@1und1.de','rabu/13.00-15.00','BNI',6386102148259323,'http://tinypic.com/view.php?pic=2mepzqf&s=73','http://tinypic.com/view.php?pic=2mepzqf&s=73');
INSERT INTO mahasiswa VALUES (1406543766,'Edward Clark','Edward',654387,'eclark10@java.com','eclark10@java.com','selasa/13.00-15.00','Mandiri',2.01893E+14,'http://tinypic.com/view.php?pic=2mepzqf&s=74','http://tinypic.com/view.php?pic=2mepzqf&s=74');
INSERT INTO mahasiswa VALUES (1406543767,'Anthony Garza','Anthony',654388,'agarza11@cisco.com','agarza11@cisco.com','rabu/13.00-15.00','BCA',501838689781846279,'http://tinypic.com/view.php?pic=2mepzqf&s=75','http://tinypic.com/view.php?pic=2mepzqf&s=75');
INSERT INTO mahasiswa VALUES (1406543768,'Jeffrey Willis','Jeffrey',654389,'jwillis12@hexun.com','jwillis12@hexun.com','rabu/13.00-15.00','Mandiri',5007663984801099,'http://tinypic.com/view.php?pic=2mepzqf&s=76','http://tinypic.com/view.php?pic=2mepzqf&s=76');
INSERT INTO mahasiswa VALUES (1406543769,'Lois Richards','Lois',654390,'lrichards13@seesaa.net','lrichards13@seesaa.net','kamis/14.00-16.00','BRI',3534576949336869,'http://tinypic.com/view.php?pic=2mepzqf&s=77','http://tinypic.com/view.php?pic=2mepzqf&s=77');
INSERT INTO mahasiswa VALUES (1406543770,'Richard Wells','Richard',654391,'rwells14@live.com','rwells14@live.com','selasa/13.00-15.00','BRI',5.00766E+12,'http://tinypic.com/view.php?pic=2mepzqf&s=78','http://tinypic.com/view.php?pic=2mepzqf&s=78');
INSERT INTO mahasiswa VALUES (1406543771,'Jennifer Sullivan','Jennifer',654392,'jsullivan15@aboutads.info','jsullivan15@aboutads.info','kamis/14.00-16.00','BRI',5002359062923823,'http://tinypic.com/view.php?pic=2mepzqf&s=79','http://tinypic.com/view.php?pic=2mepzqf&s=79');
INSERT INTO mahasiswa VALUES (1406543772,'Kevin Holmes','Kevin',654393,'kholmes16@shop-pro.jp','kholmes16@shop-pro.jp','selasa/13.00-15.00','BI',3.72302E+14,'http://tinypic.com/view.php?pic=2mepzqf&s=80','http://tinypic.com/view.php?pic=2mepzqf&s=80');
INSERT INTO mahasiswa VALUES (1406543773,'Arthur Hudson','Arthur',654394,'ahudson17@reddit.com','ahudson17@reddit.com','rabu/13.00-15.00','BI',5502386911081102,'http://tinypic.com/view.php?pic=2mepzqf&s=81','http://tinypic.com/view.php?pic=2mepzqf&s=81');
INSERT INTO mahasiswa VALUES (1406543774,'Teresa Hunter','Teresa',654395,'thunter18@jalbum.net','thunter18@jalbum.net','rabu/13.00-15.00','BCA',3562195999710629,'http://tinypic.com/view.php?pic=2mepzqf&s=82','http://tinypic.com/view.php?pic=2mepzqf&s=82');
INSERT INTO mahasiswa VALUES (1406543775,'Martha Palmer','Martha',654396,'mpalmer19@hubpages.com','mpalmer19@hubpages.com','kamis/14.00-16.00','BNI',5602210323081626,'http://tinypic.com/view.php?pic=2mepzqf&s=83','http://tinypic.com/view.php?pic=2mepzqf&s=83');
INSERT INTO mahasiswa VALUES (1406543776,'Beverly Carpenter','Beverly',654397,'bcarpenter1a@berkeley.edu','bcarpenter1a@berkeley.edu','selasa/13.00-15.00','Mandiri',3584556919324847,'http://tinypic.com/view.php?pic=2mepzqf&s=84','http://tinypic.com/view.php?pic=2mepzqf&s=84');
INSERT INTO mahasiswa VALUES (1406543777,'Jesse Bell','Jesse',654398,'jbell1b@plala.or.jp','jbell1b@plala.or.jp','selasa/13.00-15.00','BCA',3529226826553528,'http://tinypic.com/view.php?pic=2mepzqf&s=85','http://tinypic.com/view.php?pic=2mepzqf&s=85');
INSERT INTO mahasiswa VALUES (1406543778,'Andrea Perry','Andrea',654399,'aperry1c@china.com.cn','aperry1c@china.com.cn','rabu/13.00-15.00','Mandiri',3583122242061837,'http://tinypic.com/view.php?pic=2mepzqf&s=86','http://tinypic.com/view.php?pic=2mepzqf&s=86');
INSERT INTO mahasiswa VALUES (1406543779,'Roger Bishop','Roger',654400,'rbishop1d@furl.net','rbishop1d@furl.net','rabu/13.00-15.00','BCA',5007661354222375,'http://tinypic.com/view.php?pic=2mepzqf&s=87','http://tinypic.com/view.php?pic=2mepzqf&s=87');
INSERT INTO mahasiswa VALUES (1406543780,'Nicholas Grant','Nicholas',654401,'ngrant1e@aol.com','ngrant1e@aol.com','kamis/14.00-16.00','BCA',3545965724515259,'http://tinypic.com/view.php?pic=2mepzqf&s=88','http://tinypic.com/view.php?pic=2mepzqf&s=88');
INSERT INTO mahasiswa VALUES (1406543781,'Kimberly Morgan','Kimberly',654402,'kmorgan1f@sourceforge.net','kmorgan1f@sourceforge.net','selasa/13.00-15.00','BNI',3.57691E+12,'http://tinypic.com/view.php?pic=2mepzqf&s=89','http://tinypic.com/view.php?pic=2mepzqf&s=89');
INSERT INTO mahasiswa VALUES (1406543782,'Dennis King','Dennis',654403,'dking1g@disqus.com','dking1g@disqus.com','selasa/13.00-15.00','BTN',3538935094183177,'http://tinypic.com/view.php?pic=2mepzqf&s=90','http://tinypic.com/view.php?pic=2mepzqf&s=90');
INSERT INTO mahasiswa VALUES (1406543783,'Joyce Stanley','Joyce',654404,'jstanley1h@sohu.com','jstanley1h@sohu.com','rabu/13.00-15.00','Mandiri',3.67526E+13,'http://tinypic.com/view.php?pic=2mepzqf&s=91','http://tinypic.com/view.php?pic=2mepzqf&s=91');
INSERT INTO mahasiswa VALUES (1406543784,'Fred Richardson','Fred',654405,'frichardson1i@pbs.org','frichardson1i@pbs.org','rabu/13.00-15.00','BCA',3.00404E+13,'http://tinypic.com/view.php?pic=2mepzqf&s=92','http://tinypic.com/view.php?pic=2mepzqf&s=92');
INSERT INTO mahasiswa VALUES (1406543785,'Phillip Bishop','Phillip',654406,'pbishop1j@rediff.com','pbishop1j@rediff.com','kamis/14.00-16.00','Mandiri',3583779302821473,'http://tinypic.com/view.php?pic=2mepzqf&s=93','http://tinypic.com/view.php?pic=2mepzqf&s=93');
INSERT INTO mahasiswa VALUES (1406543786,'Mary Alvarez','Mary',654407,'malvarez1k@homestead.com','malvarez1k@homestead.com','selasa/13.00-15.00','BRI',5641822669556439978,'http://tinypic.com/view.php?pic=2mepzqf&s=94','http://tinypic.com/view.php?pic=2mepzqf&s=94');
INSERT INTO mahasiswa VALUES (1406543787,'Daniel Hernandez','Daniel',654408,'dhernandez1l@google.fr','dhernandez1l@google.fr','senin/19.00-21.00','BRI',4041373022392694,'http://tinypic.com/view.php?pic=2mepzqf&s=95','http://tinypic.com/view.php?pic=2mepzqf&s=95');
INSERT INTO mahasiswa VALUES (1406543788,'Pamela Morgan','Pamela',654409,'pmorgan1m@state.tx.us','pmorgan1m@state.tx.us','selasa/13.00-15.00','BRI',5602249518274770510,'http://tinypic.com/view.php?pic=2mepzqf&s=96','http://tinypic.com/view.php?pic=2mepzqf&s=96');
INSERT INTO mahasiswa VALUES (1406543789,'Bonnie Mason','Bonnie',654410,'bmason1n@hhs.gov','bmason1n@hhs.gov','selasa/13.00-15.00','BI',676358880194987046,'http://tinypic.com/view.php?pic=2mepzqf&s=97','http://tinypic.com/view.php?pic=2mepzqf&s=97');
INSERT INTO mahasiswa VALUES (1406543790,'Paul Alvarez','Paul',654411,'palvarez1o@topsy.com','palvarez1o@topsy.com','selasa/13.00-15.00','BI',3.37942E+14,'http://tinypic.com/view.php?pic=2mepzqf&s=98','http://tinypic.com/view.php?pic=2mepzqf&s=98');
INSERT INTO mahasiswa VALUES (1406543791,'Arthur Reyes','Arthur',654412,'areyes1p@hc360.com','areyes1p@hc360.com','rabu/13.00-15.00','BI',3534650739409952,'http://tinypic.com/view.php?pic=2mepzqf&s=99','http://tinypic.com/view.php?pic=2mepzqf&s=99');
INSERT INTO mahasiswa VALUES (1406543792,'Brenda Boyd','Brenda',654413,'bboyd1q@ustream.tv','bboyd1q@ustream.tv','rabu/13.00-15.00','BI',3.5299E+12,'http://tinypic.com/view.php?pic=2mepzqf&s=100','http://tinypic.com/view.php?pic=2mepzqf&s=100');
INSERT INTO mahasiswa VALUES (1406543793,'Judith Walker','Judith',654414,'jwalker1r@about.me','jwalker1r@about.me','selasa/13.00-15.00','BNI',5108756240177912,'http://tinypic.com/view.php?pic=2mepzqf&s=101','http://tinypic.com/view.php?pic=2mepzqf&s=101');
INSERT INTO mahasiswa VALUES (1406543794,'Doris Mendoza','Doris',654415,'dmendoza1s@nymag.com','dmendoza1s@nymag.com','rabu/13.00-15.00','Mandiri',4917699042951817,'http://tinypic.com/view.php?pic=2mepzqf&s=102','http://tinypic.com/view.php?pic=2mepzqf&s=102');
INSERT INTO mahasiswa VALUES (1406543795,'Louise Rivera','Louise',654416,'lrivera1t@ucla.edu','lrivera1t@ucla.edu','rabu/13.00-15.00','BTN',6706575800975659818,'http://tinypic.com/view.php?pic=2mepzqf&s=103','http://tinypic.com/view.php?pic=2mepzqf&s=103');
INSERT INTO mahasiswa VALUES (1406543796,'Sean Cruz','Sean',654417,'scruz1u@vinaora.com','scruz1u@vinaora.com','kamis/14.00-16.00','BTN',3535387146509293,'http://tinypic.com/view.php?pic=2mepzqf&s=104','http://tinypic.com/view.php?pic=2mepzqf&s=104');
INSERT INTO mahasiswa VALUES (1406543797,'Charles Mitchell','Charles',654418,'cmitchell1v@va.gov','cmitchell1v@va.gov','selasa/13.00-15.00','BTN',5602222633706099,'http://tinypic.com/view.php?pic=2mepzqf&s=105','http://tinypic.com/view.php?pic=2mepzqf&s=105');
INSERT INTO mahasiswa VALUES (1406543798,'Catherine Sims','Catherine',654419,'csims1w@nbcnews.com','csims1w@nbcnews.com','senin/19.00-21.00','Mandiri',2.01877E+14,'http://tinypic.com/view.php?pic=2mepzqf&s=106','http://tinypic.com/view.php?pic=2mepzqf&s=106');
INSERT INTO mahasiswa VALUES (1406543799,'Angela Arnold','Angela',654420,'angela123@lalafest.com','angela123@lalafest.com','rabu/13.00-15.00','BRI',3.55149E+12,'http://tinypic.com/view.php?pic=2mepzqf&s=107','http://tinypic.com/view.php?pic=2mepzqf&s=107');

table mata_kuliah

INSERT INTO mata_kuliah VALUES ('IKI01010','Topik Khusus Arsitektur & Infrastruktur',NULL);
INSERT INTO mata_kuliah VALUES ('IKI087879','Computational Geometry',NULL);
INSERT INTO mata_kuliah VALUES ('IKI10200','Dasar-Dasar Pemrogaman',NULL);
INSERT INTO mata_kuliah VALUES ('IKI10200','Administrasi Bisnis',NULL);
INSERT INTO mata_kuliah VALUES ('IKI10400','Struktur Data & Algoritma',NULL);
INSERT INTO mata_kuliah VALUES ('IKI12345','Fisika Dasar 2',NULL);
INSERT INTO mata_kuliah VALUES ('IKI20201','Perancangan & Pemrograman Web',NULL);
INSERT INTO mata_kuliah VALUES ('IKI20505','Sistem Operasi',NULL);
INSERT INTO mata_kuliah VALUES ('IKI20700','Basis Data',NULL);
INSERT INTO mata_kuliah VALUES ('IKI23456','Teori Bahasa & Automata',NULL);
INSERT INTO mata_kuliah VALUES ('IKI24522','Sistem Terdistribusi',NULL);
INSERT INTO mata_kuliah VALUES ('IKI34567','Pemrograman Deklaratif',NULL);
INSERT INTO mata_kuliah VALUES ('IKI36524','Supply Chain Management','IKI01010');
INSERT INTO mata_kuliah VALUES ('IKI45678','Jaringan Komputer','IKI01010');
INSERT INTO mata_kuliah VALUES ('IKI45734','Basis Data Lanjut','IKI01010');
INSERT INTO mata_kuliah VALUES ('IKI65788','Dasar-Dasar Audit SI','IKI01010');
INSERT INTO mata_kuliah VALUES ('IKI75477','Topik Khusus Pengolahan Informasi Multimedia','IKI10200');
INSERT INTO mata_kuliah VALUES ('IKI75486','Dasar-Dasar Arsitektur Komputer','IKI10200');
INSERT INTO mata_kuliah VALUES ('IKI75665','Semantic Web','IKI10200');
INSERT INTO mata_kuliah VALUES ('IKI76435','MPKT B','IKI12345');
INSERT INTO mata_kuliah VALUES ('IKI86575','MPKT A','IKI20505');
INSERT INTO mata_kuliah VALUES ('IKI87685','Data Mining','IKI23456');
INSERT INTO mata_kuliah VALUES ('IKI88887','Grafika Komputer','IKI23456');
INSERT INTO mata_kuliah VALUES ('IKI97658','Dasar Arsitektur Komputer','IKI24522');
INSERT INTO mata_kuliah VALUES ('IKI98765','Teori Informasi','IKI45734');
INSERT INTO mata_kuliah VALUES ('IKS00997','Pengolahan Sinyal Dijital','IKI75486');
INSERT INTO mata_kuliah VALUES ('IKS01010','Robotika','IKI75486');
INSERT INTO mata_kuliah VALUES ('IKS10101','Teknologi Mobile','IKI75486');
INSERT INTO mata_kuliah VALUES ('IKS12345','Pengantar Organisasi Komputer','IKI75665');
INSERT INTO mata_kuliah VALUES ('IKS22334','Kriptografi & Keamanan Informasi','IKI75665');
INSERT INTO mata_kuliah VALUES ('IKS22602','Enterprise Resource Planning','IKI76435');
INSERT INTO mata_kuliah VALUES ('IKS23456','Pemrograman Sistem','IKI76435');
INSERT INTO mata_kuliah VALUES ('IKS31650','E-Commerce','IKI76435');
INSERT INTO mata_kuliah VALUES ('IKS32606','Sistem Informasi Akuntansi dan Keuangan','IKI97658');
INSERT INTO mata_kuliah VALUES ('IKS34567','Analisis Numerik','IKI98765');
INSERT INTO mata_kuliah VALUES ('IKS44556','Layanan & Aplikasi Web','IKS00997');
INSERT INTO mata_kuliah VALUES ('IKS45678','Desain & Analisis Algoritma','IKS10101');
INSERT INTO mata_kuliah VALUES ('IKS46653','Pengolahan Citra','IKS12600');
INSERT INTO mata_kuliah VALUES ('IKS54543','Sistem Informasi Geografis','IKS22602');
INSERT INTO mata_kuliah VALUES ('IKS64336','Jaringan Komunikasi Data','IKS23456');
INSERT INTO mata_kuliah VALUES ('IKS64346','Tugas Akhir','IKS32606');
INSERT INTO mata_kuliah VALUES ('IKS65446','Prinsip-Prinsip Sistem Informasi','IKS45678');
INSERT INTO mata_kuliah VALUES ('IKS74564','Bioinformatika','IKS54543');
INSERT INTO mata_kuliah VALUES ('IKS75437','Game Development','IKS64346');
INSERT INTO mata_kuliah VALUES ('IKS76475','Proyek Pengembangan Sistem Informasi','IKS64346');
INSERT INTO mata_kuliah VALUES ('IKS87678','Pemrograman Logika','IKS74564');
INSERT INTO mata_kuliah VALUES ('IKS97543','Teknologi Mobile','IKS74564');
INSERT INTO mata_kuliah VALUES ('IKS98765','Embedded Systems','IKS75437');
INSERT INTO mata_kuliah VALUES ('IKS98799','Simulasi & Pemodelan','IKS98765');

table term

INSERT INTO term VALUES (2014,1);
INSERT INTO term VALUES (2015,2);
INSERT INTO term VALUES (2016,3);

table log

INSERT INTO log VALUES (1,2001,1406543704,4,4,'2016-09-01 00:00:00','09:38','13:33','turpis elementum ligula vehicula consequat morbi');
INSERT INTO log VALUES (2,2007,1406543713,2,3,'2016-09-01 00:00:00','09:44','13:14','dolor sit amet consectetuer adipiscing elit proin');
INSERT INTO log VALUES (3,2042,1406543710,6,2,'2016-09-04 00:00:00','10:44','17:59','nunc commodo placerat praesent');
INSERT INTO log VALUES (4,2026,1406543709,2,2,'2016-09-06 00:00:00','10:11','13:51','pulvinar nulla pede ullamcorper');
INSERT INTO log VALUES (5,2015,1406543701,6,3,'2016-09-07 00:00:00','09:05','15:05','sapien non mi integer');
INSERT INTO log VALUES (6,2007,1406543705,4,4,'2016-09-07 00:00:00','09:21','19:07','est risus auctor sed tristique in tempus');
INSERT INTO log VALUES (7,2038,1406543700,8,2,'2016-09-08 00:00:00','10:31','16:34','faucibus accumsan odio curabitur convallis duis');
INSERT INTO log VALUES (8,2013,1406543720,4,2,'2016-09-10 00:00:00','10:13','17:09','adipiscing lorem vitae');
INSERT INTO log VALUES (9,2026,1406543705,5,1,'2016-09-11 00:00:00','09:17','16:18','eu orci mauris lacinia sapien');
INSERT INTO log VALUES (10,2019,1406543710,6,2,'2016-09-14 00:00:00','11:27','18:11','nascetur ridiculus mus vivamus vestibulum');
INSERT INTO log VALUES (11,2028,1406543722,7,3,'2016-09-14 00:00:00','09:09','15:15','ipsum integer a nibh in quis justo');
INSERT INTO log VALUES (12,2042,1406543728,4,3,'2016-09-19 00:00:00','11:27','12:25','massa id lobortis convallis tortor risus dapibus');
INSERT INTO log VALUES (13,2013,1406543714,8,2,'2016-09-23 00:00:00','09:23','12:23','at turpis a pede posuere nonummy integer');
INSERT INTO log VALUES (14,2011,1406543718,5,1,'2016-09-24 00:00:00','09:25','12:21','velit id pretium iaculis diam erat fermentum');
INSERT INTO log VALUES (15,2023,1406543705,5,1,'2016-09-24 00:00:00','11:08','14:13','orci vehicula condimentum');
INSERT INTO log VALUES (16,2017,1406543711,7,3,'2016-09-24 00:00:00','09:28','15:15','ut suscipit a feugiat et eros vestibulum');
INSERT INTO log VALUES (17,2039,1406543703,6,2,'2016-09-25 00:00:00','09:23','16:26','eros suspendisse accumsan tortor quis turpis sed');
INSERT INTO log VALUES (18,2034,1406543726,6,4,'2016-09-26 00:00:00','11:09','13:49','a feugiat et eros vestibulum');
INSERT INTO log VALUES (19,2025,1406543713,8,1,'2016-09-27 00:00:00','11:45','18:15','tristique est et');
INSERT INTO log VALUES (20,2037,1406543721,1,1,'2016-09-27 00:00:00','11:32','17:49','purus eu magna vulputate luctus cum');
INSERT INTO log VALUES (21,2033,1406543712,5,3,'2016-09-27 00:00:00','10:07','19:07','platea dictumst aliquam augue quam sollicitudin');
INSERT INTO log VALUES (22,2022,1406543710,5,2,'2016-09-28 00:00:00','09:25','12:15','amet justo morbi ut odio');
INSERT INTO log VALUES (23,2039,1406543711,7,2,'2016-09-28 00:00:00','11:53','17:52','eu nibh quisque');
INSERT INTO log VALUES (24,2036,1406543729,2,2,'2016-09-28 00:00:00','09:36','15:58','quis odio consequat varius');
INSERT INTO log VALUES (25,2030,1406543727,1,3,'2016-09-29 00:00:00','10:25','15:57','proin eu mi');
INSERT INTO log VALUES (26,2006,1406543706,5,2,'2016-09-30 00:00:00','09:13','17:50','pulvinar nulla pede ullamcorper augue a');
INSERT INTO log VALUES (27,2027,1406543705,7,4,'2016-09-30 00:00:00','10:26','16:37','iaculis congue vivamus');
INSERT INTO log VALUES (28,2017,1406543717,8,2,'2016-10-01 00:00:00','10:41','14:00','lacinia eget tincidunt');
INSERT INTO log VALUES (29,2003,1406543709,6,4,'2016-10-04 00:00:00','09:46','18:38','felis eu sapien cursus');
INSERT INTO log VALUES (30,2001,1406543711,2,3,'2016-10-04 00:00:00','10:14','18:29','natoque penatibus et');
INSERT INTO log VALUES (31,2016,1406543724,3,3,'2016-10-06 00:00:00','09:39','18:45','integer ac leo pellentesque');
INSERT INTO log VALUES (32,2035,1406543701,3,1,'2016-10-11 00:00:00','09:47','18:29','pede libero quis');
INSERT INTO log VALUES (33,2023,1406543709,2,1,'2016-10-13 00:00:00','10:28','14:56','orci vehicula condimentum');
INSERT INTO log VALUES (34,2025,1406543715,5,2,'2016-10-13 00:00:00','11:06','19:26','nunc rhoncus dui');
INSERT INTO log VALUES (35,2012,1406543700,2,2,'2016-10-13 00:00:00','09:58','13:35','erat curabitur gravida nisi at nibh');
INSERT INTO log VALUES (36,2002,1406543721,5,3,'2016-10-15 00:00:00','10:38','12:13','vivamus metus arcu adipiscing molestie');
INSERT INTO log VALUES (37,2040,1406543708,5,4,'2016-10-15 00:00:00','10:27','18:56','at velit vivamus vel nulla eget eros');
INSERT INTO log VALUES (38,2004,1406543702,1,1,'2016-10-15 00:00:00','09:34','14:29','erat nulla tempus vivamus in felis');
INSERT INTO log VALUES (39,2041,1406543707,7,4,'2016-10-17 00:00:00','10:10','15:15','mi nulla ac enim in tempor turpis');
INSERT INTO log VALUES (40,2043,1406543720,8,1,'2016-10-17 00:00:00','10:35','17:23','rutrum neque aenean auctor gravida');
INSERT INTO log VALUES (41,2013,1406543703,7,3,'2016-10-18 00:00:00','11:01','19:27','diam nam tristique');
INSERT INTO log VALUES (42,2007,1406543708,4,1,'2016-10-18 00:00:00','09:02','19:29','in hac habitasse');
INSERT INTO log VALUES (43,2036,1406543714,7,3,'2016-10-19 00:00:00','11:56','18:35','nulla suspendisse potenti cras');
INSERT INTO log VALUES (44,2035,1406543719,8,1,'2016-10-19 00:00:00','11:07','16:41','non lectus aliquam sit amet');
INSERT INTO log VALUES (45,2039,1406543716,7,1,'2016-10-20 00:00:00','11:05','16:08','in eleifend quam a');
INSERT INTO log VALUES (46,2033,1406543718,1,4,'2016-10-20 00:00:00','09:21','18:43','nisl ut volutpat');
INSERT INTO log VALUES (47,2023,1406543723,4,1,'2016-10-20 00:00:00','10:48','19:24','lacinia eget tincidunt eget tempus vel pede');
INSERT INTO log VALUES (48,2034,1406543724,3,1,'2016-10-21 00:00:00','11:06','16:48','quam sollicitudin vitae consectetuer eget rutrum at');
INSERT INTO log VALUES (49,2048,1406543708,3,4,'2016-10-23 00:00:00','10:00','13:31','id nisl venenatis');
INSERT INTO log VALUES (50,2018,1406543714,6,3,'2016-10-23 00:00:00','09:06','16:17','dictumst morbi vestibulum velit id pretium');
INSERT INTO log VALUES (51,2041,1406543701,8,2,'2016-10-23 00:00:00','09:46','12:52','tortor sollicitudin mi');
INSERT INTO log VALUES (52,2008,1406543710,3,4,'2016-10-23 00:00:00','09:37','12:53','quis justo maecenas rhoncus aliquam lacus morbi');
INSERT INTO log VALUES (53,2024,1406543713,1,4,'2016-10-26 00:00:00','09:52','14:07','mi in porttitor pede');
INSERT INTO log VALUES (54,2027,1406543711,4,3,'2016-10-27 00:00:00','09:39','13:32','aliquet pulvinar sed');
INSERT INTO log VALUES (55,2025,1406543725,6,2,'2016-10-30 00:00:00','11:40','15:40','justo nec condimentum neque sapien placerat ante');
INSERT INTO log VALUES (56,2033,1406543703,2,1,'2016-10-30 00:00:00','11:08','15:03','pede malesuada in imperdiet et commodo');
INSERT INTO log VALUES (57,2026,1406543716,3,4,'2016-11-03 00:00:00','11:11','13:42','orci luctus et ultrices posuere');
INSERT INTO log VALUES (58,2008,1406543704,5,2,'2016-11-04 00:00:00','10:10','15:28','at nulla suspendisse potenti');
INSERT INTO log VALUES (59,2017,1406543719,2,1,'2016-11-08 00:00:00','11:49','17:48','consequat in consequat ut');
INSERT INTO log VALUES (60,2011,1406543707,4,4,'2016-11-08 00:00:00','11:37','17:50','in lacus curabitur at ipsum ac');
INSERT INTO log VALUES (61,2033,1406543700,8,1,'2016-11-09 00:00:00','11:02','18:19','volutpat eleifend donec ut');
INSERT INTO log VALUES (62,2049,1406543715,3,1,'2016-11-09 00:00:00','10:45','14:15','sagittis dui vel nisl duis ac nibh');
INSERT INTO log VALUES (63,2023,1406543723,8,2,'2016-11-09 00:00:00','09:37','16:03','neque aenean auctor gravida sem');
INSERT INTO log VALUES (64,2009,1406543728,8,1,'2016-11-09 00:00:00','11:02','18:40','nullam sit amet');
INSERT INTO log VALUES (65,2030,1406543707,7,1,'2016-11-11 00:00:00','10:26','17:07','odio elementum eu interdum eu');
INSERT INTO log VALUES (66,2048,1406543704,3,2,'2016-11-12 00:00:00','11:02','15:21','quisque ut erat curabitur gravida nisi');
INSERT INTO log VALUES (67,2042,1406543722,3,1,'2016-11-12 00:00:00','11:25','14:54','eget eros elementum pellentesque quisque porta volutpat');
INSERT INTO log VALUES (68,2035,1406543711,6,2,'2016-11-14 00:00:00','11:39','19:24','ipsum praesent blandit lacinia erat vestibulum sed');
INSERT INTO log VALUES (69,2019,1406543712,4,3,'2016-11-17 00:00:00','11:00','12:47','duis mattis egestas');
INSERT INTO log VALUES (70,2035,1406543709,4,1,'2016-11-18 00:00:00','10:57','16:37','erat volutpat in congue');
INSERT INTO log VALUES (71,2041,1406543707,7,1,'2016-11-19 00:00:00','10:36','19:50','tempus sit amet sem fusce');
INSERT INTO log VALUES (72,2006,1406543710,4,4,'2016-11-20 00:00:00','09:55','15:00','in purus eu magna vulputate luctus cum');
INSERT INTO log VALUES (73,2043,1406543714,3,2,'2016-11-23 00:00:00','09:25','18:21','ac nulla sed vel');
INSERT INTO log VALUES (74,2013,1406543713,1,3,'2016-11-23 00:00:00','11:11','13:38','molestie hendrerit at vulputate');
INSERT INTO log VALUES (75,2030,1406543726,3,2,'2016-11-24 00:00:00','10:18','17:29','proin at turpis a');
INSERT INTO log VALUES (76,2046,1406543701,3,4,'2016-11-26 00:00:00','10:25','19:26','magnis dis parturient montes nascetur');
INSERT INTO log VALUES (77,2047,1406543713,5,4,'2016-11-26 00:00:00','09:46','18:09','magnis dis parturient');
INSERT INTO log VALUES (78,2017,1406543714,7,4,'2016-11-26 00:00:00','09:36','15:43','congue vivamus metus arcu adipiscing');
INSERT INTO log VALUES (79,2023,1406543706,5,4,'2016-11-27 00:00:00','11:59','13:38','libero nullam sit amet turpis elementum');
INSERT INTO log VALUES (80,2030,1406543714,4,1,'2016-11-27 00:00:00','11:06','18:27','eget semper rutrum nulla nunc');
INSERT INTO log VALUES (81,2018,1406543729,3,1,'2016-11-28 00:00:00','09:08','17:18','amet nunc viverra');
INSERT INTO log VALUES (82,2039,1406543702,5,2,'2016-11-28 00:00:00','11:51','17:40','ipsum ac tellus semper');
INSERT INTO log VALUES (83,2021,1406543703,4,1,'2016-12-01 00:00:00','09:14','17:46','tempor turpis nec euismod scelerisque');
INSERT INTO log VALUES (84,2030,1406543706,6,1,'2016-12-01 00:00:00','11:44','13:38','et ultrices posuere cubilia curae nulla');
INSERT INTO log VALUES (85,2005,1406543727,2,3,'2016-12-01 00:00:00','10:55','15:18','consectetuer eget rutrum at lorem integer');
INSERT INTO log VALUES (86,2049,1406543708,3,4,'2016-12-01 00:00:00','09:48','18:19','aliquam lacus morbi');
INSERT INTO log VALUES (87,2012,1406543712,8,4,'2016-12-02 00:00:00','10:55','13:13','quis libero nullam sit amet turpis elementum');
INSERT INTO log VALUES (88,2036,1406543702,7,1,'2016-12-03 00:00:00','10:44','16:09','adipiscing lorem vitae');
INSERT INTO log VALUES (89,2001,1406543712,5,3,'2016-12-03 00:00:00','10:25','13:49','convallis eget eleifend');
INSERT INTO log VALUES (90,2015,1406543717,1,1,'2016-12-06 00:00:00','11:56','12:41','faucibus orci luctus et ultrices');
INSERT INTO log VALUES (91,2022,1406543704,7,4,'2016-12-08 00:00:00','10:54','15:29','proin interdum mauris non ligula');
INSERT INTO log VALUES (92,2049,1406543725,4,2,'2016-12-10 00:00:00','11:42','13:52','lorem vitae mattis');
INSERT INTO log VALUES (93,2041,1406543702,7,3,'2016-12-11 00:00:00','11:35','19:26','eros vestibulum ac est');
INSERT INTO log VALUES (94,2030,1406543713,3,1,'2016-12-11 00:00:00','09:36','15:54','sit amet turpis elementum');
INSERT INTO log VALUES (95,2000,1406543712,8,4,'2016-12-11 00:00:00','10:26','14:47','at turpis donec posuere metus');
INSERT INTO log VALUES (96,2007,1406543712,1,3,'2016-12-13 00:00:00','09:57','13:05','molestie lorem quisque ut erat curabitur gravida');
INSERT INTO log VALUES (97,2039,1406543700,1,2,'2016-12-14 00:00:00','10:41','17:50','nulla suscipit ligula in lacus');
INSERT INTO log VALUES (98,2046,1406543711,6,1,'2016-12-17 00:00:00','11:34','19:17','in imperdiet et commodo vulputate');
INSERT INTO log VALUES (99,2017,1406543706,7,2,'2016-12-18 00:00:00','11:11','13:08','duis mattis egestas metus aenean');
INSERT INTO log VALUES (100,2046,1406543710,5,4,'2016-12-18 00:00:00','10:51','18:39','turpis donec posuere');
INSERT INTO log VALUES (101,2047,1406543700,9,3,'2016-12-18 00:00:00','10:10','15:28','at nulla suspendisse potenti');
INSERT INTO log VALUES (102,2048,1406543701,5,1,'2016-12-18 00:00:00','11:49','17:48','consequat in consequat ut');
INSERT INTO log VALUES (103,2034,1406543702,6,3,'2016-12-19 00:00:00','11:37','17:50','in lacus curabitur at ipsum ac');
INSERT INTO log VALUES (104,2035,1406543703,2,2,'2016-12-20 00:00:00','11:02','18:19','volutpat eleifend donec ut');
INSERT INTO log VALUES (105,2036,1406543704,2,1,'2016-12-21 00:00:00','10:45','14:15','sagittis dui vel nisl duis ac nibh');
INSERT INTO log VALUES (106,2037,1406543705,1,1,'2016-12-21 00:00:00','09:37','16:03','neque aenean auctor gravida sem');
INSERT INTO log VALUES (107,2112,1406543706,9,3,'2016-12-23 00:00:00','11:02','18:40','nullam sit amet');
INSERT INTO log VALUES (108,2089,1406543707,3,2,'2016-12-28 00:00:00','10:26','17:07','odio elementum eu interdum eu');
INSERT INTO log VALUES (109,2086,1406543708,4,4,'2016-12-29 00:00:00','11:02','15:21','quisque ut erat curabitur gravida nisi');
INSERT INTO log VALUES (110,2148,1406543709,5,3,'2017-01-06 00:00:00','11:25','14:54','eget eros elementum pellentesque quisque porta volutpat');
INSERT INTO log VALUES (111,2026,1406543710,6,2,'2017-01-07 00:00:00','11:39','19:24','ipsum praesent blandit lacinia erat vestibulum sed');
INSERT INTO log VALUES (112,2032,1406543711,6,1,'2017-01-13 00:00:00','11:00','12:47','duis mattis egestas');
INSERT INTO log VALUES (113,2020,1406543712,5,3,'2017-01-14 00:00:00','10:57','16:37','erat volutpat in congue');
INSERT INTO log VALUES (114,2068,1406543713,5,2,'2017-01-15 00:00:00','10:36','19:50','tempus sit amet sem fusce');
INSERT INTO log VALUES (115,2004,1406543714,8,3,'2017-01-16 00:00:00','09:55','15:00','in purus eu magna vulputate luctus cum');
INSERT INTO log VALUES (116,2136,1406543715,9,4,'2017-01-17 00:00:00','09:25','18:21','ac nulla sed vel');
INSERT INTO log VALUES (117,2129,1406543716,1,3,'2017-01-17 00:00:00','11:11','13:38','molestie hendrerit at vulputate');
INSERT INTO log VALUES (118,2035,1406543717,3,1,'2017-01-17 00:00:00','10:18','17:29','proin at turpis a');
INSERT INTO log VALUES (119,2057,1406543718,7,1,'2017-01-17 00:00:00','10:25','19:26','magnis dis parturient montes nascetur');
INSERT INTO log VALUES (120,2094,1406543719,6,1,'2017-01-19 00:00:00','09:46','18:09','magnis dis parturient');
INSERT INTO log VALUES (121,2049,1406543720,4,2,'2017-01-21 00:00:00','09:36','15:43','congue vivamus metus arcu adipiscing');
INSERT INTO log VALUES (122,2122,1406543721,2,3,'2017-01-24 00:00:00','11:59','13:38','libero nullam sit amet turpis elementum');
INSERT INTO log VALUES (123,2071,1406543722,9,3,'2017-01-25 00:00:00','11:06','18:27','eget semper rutrum nulla nunc');
INSERT INTO log VALUES (124,2009,1406543723,8,3,'2017-01-25 00:00:00','09:08','17:18','amet nunc viverra');
INSERT INTO log VALUES (125,2070,1406543724,5,4,'2017-01-27 00:00:00','11:51','17:40','ipsum ac tellus semper');
INSERT INTO log VALUES (126,2107,1406543725,6,2,'2017-01-30 00:00:00','09:14','17:46','tempor turpis nec euismod scelerisque');
INSERT INTO log VALUES (127,2093,1406543726,6,3,'2017-02-01 00:00:00','11:44','13:38','et ultrices posuere cubilia curae nulla');
INSERT INTO log VALUES (128,2136,1406543727,2,1,'2017-02-01 00:00:00','10:55','15:18','consectetuer eget rutrum at lorem integer');
INSERT INTO log VALUES (129,2068,1406543728,1,3,'2017-02-01 00:00:00','09:48','18:19','aliquam lacus morbi');
INSERT INTO log VALUES (130,2102,1406543729,7,4,'2017-02-03 00:00:00','10:55','13:13','quis libero nullam sit amet turpis elementum');
INSERT INTO log VALUES (131,2061,1406543730,3,3,'2017-02-12 00:00:00','10:44','16:09','adipiscing lorem vitae');
INSERT INTO log VALUES (132,2094,1406543731,6,2,'2017-02-12 00:00:00','10:25','13:49','convallis eget eleifend');
INSERT INTO log VALUES (133,2125,1406543732,4,4,'2017-02-12 00:00:00','11:56','12:41','faucibus orci luctus et ultrices');
INSERT INTO log VALUES (134,2103,1406543733,9,3,'2017-02-13 00:00:00','10:54','15:29','proin interdum mauris non ligula');
INSERT INTO log VALUES (135,2004,1406543734,7,1,'2017-02-15 00:00:00','11:42','13:52','lorem vitae mattis');
INSERT INTO log VALUES (136,2073,1406543735,6,2,'2017-02-16 00:00:00','11:35','19:26','eros vestibulum ac est');
INSERT INTO log VALUES (137,2103,1406543736,2,3,'2017-02-17 00:00:00','09:36','15:54','sit amet turpis elementum');
INSERT INTO log VALUES (138,2062,1406543737,3,1,'2017-02-20 00:00:00','10:26','14:47','at turpis donec posuere metus');
INSERT INTO log VALUES (139,2108,1406543738,1,4,'2017-02-21 00:00:00','09:57','13:05','molestie lorem quisque ut erat curabitur gravida');
INSERT INTO log VALUES (140,2104,1406543739,8,3,'2017-02-22 00:00:00','10:41','17:50','nulla suscipit ligula in lacus');
INSERT INTO log VALUES (141,2024,1406543740,3,2,'2017-02-24 00:00:00','11:34','19:17','in imperdiet et commodo vulputate');
INSERT INTO log VALUES (142,2068,1406543741,3,1,'2017-02-26 00:00:00','11:11','13:08','duis mattis egestas metus aenean');
INSERT INTO log VALUES (143,2020,1406543742,2,4,'2017-02-27 00:00:00','10:51','18:39','turpis donec posuere');
INSERT INTO log VALUES (144,2073,1406543743,1,3,'2017-03-01 00:00:00','10:26','14:47','at turpis donec posuere metus');
INSERT INTO log VALUES (145,2060,1406543744,9,2,'2017-03-06 00:00:00','09:57','13:05','molestie lorem quisque ut erat curabitur gravida');
INSERT INTO log VALUES (146,2014,1406543745,6,4,'2017-03-09 00:00:00','10:41','17:50','nulla suscipit ligula in lacus');
INSERT INTO log VALUES (147,2086,1406543746,1,1,'2017-03-09 00:00:00','11:34','19:17','in imperdiet et commodo vulputate');
INSERT INTO log VALUES (148,2145,1406543747,2,3,'2017-03-09 00:00:00','11:11','13:08','duis mattis egestas metus aenean');
INSERT INTO log VALUES (149,2032,1406543748,7,2,'2017-03-10 00:00:00','10:51','18:39','turpis donec posuere');
INSERT INTO log VALUES (150,2095,1406543749,5,2,'2017-03-10 00:00:00','11:11','13:08','duis mattis egestas metus aenean');


table status_log

INSERT INTO status_log VALUES (1,'dilaporkan');
INSERT INTO status_log VALUES (2,'disetujui');
INSERT INTO status_log VALUES (3,'ditolak');
INSERT INTO status_log VALUES (4,'diproses');

table status_lamaran

INSERT INTO status_lamaran VALUES (1,'Melamar');
INSERT INTO status_lamaran VALUES (2,'direkomendasikan');
INSERT INTO status_lamaran VALUES (3,'diterima');
INSERT INTO status_lamaran VALUES (4,'ditolak');

table telepon_mahasiswa

INSERT INTO telepon_mahasiswa VALUES (1406543703,082358815995);
INSERT INTO telepon_mahasiswa VALUES (1406543704,082321263698);
INSERT INTO telepon_mahasiswa VALUES (1406543705,082313184399);
INSERT INTO telepon_mahasiswa VALUES (1406543706,082359286272);
INSERT INTO telepon_mahasiswa VALUES (1406543707,082309747384);
INSERT INTO telepon_mahasiswa VALUES (1406543708,082302399785);
INSERT INTO telepon_mahasiswa VALUES (1406543709,082384384342);
INSERT INTO telepon_mahasiswa VALUES (1406543710,082336449367);
INSERT INTO telepon_mahasiswa VALUES (1406543711,082346552891);
INSERT INTO telepon_mahasiswa VALUES (1406543712,082367995709);
INSERT INTO telepon_mahasiswa VALUES (1406543713,087786445351);
INSERT INTO telepon_mahasiswa VALUES (1406543714,087753876059);
INSERT INTO telepon_mahasiswa VALUES (1406543715,087759802177);
INSERT INTO telepon_mahasiswa VALUES (1406543716,087787709751);
INSERT INTO telepon_mahasiswa VALUES (1406543717,08772340137);
INSERT INTO telepon_mahasiswa VALUES (1406543718,087759970918);
INSERT INTO telepon_mahasiswa VALUES (1406543719,081944843132);
INSERT INTO telepon_mahasiswa VALUES (1406543720,081939445266);
INSERT INTO telepon_mahasiswa VALUES (1406543721,081978401685);
INSERT INTO telepon_mahasiswa VALUES (1406543722,081982141371);
INSERT INTO telepon_mahasiswa VALUES (1406543723,081903271343);
INSERT INTO telepon_mahasiswa VALUES (1406543724,081922828899);
INSERT INTO telepon_mahasiswa VALUES (1406543725,081911931886);
INSERT INTO telepon_mahasiswa VALUES (1406543726,081912940398);
INSERT INTO telepon_mahasiswa VALUES (1406543727,089885706336);
INSERT INTO telepon_mahasiswa VALUES (1406543728,089827731891);
INSERT INTO telepon_mahasiswa VALUES (1406543729,089865611525);
INSERT INTO telepon_mahasiswa VALUES (1406543705,089878022011);
INSERT INTO telepon_mahasiswa VALUES (1406543706,089878022011);
INSERT INTO telepon_mahasiswa VALUES (1406543707,089844948621);
INSERT INTO telepon_mahasiswa VALUES (1406543746,089877932400);
INSERT INTO telepon_mahasiswa VALUES (1406543747,089805266899);
INSERT INTO telepon_mahasiswa VALUES (1406543748,089802960761);
INSERT INTO telepon_mahasiswa VALUES (1406543749,089872128145);
INSERT INTO telepon_mahasiswa VALUES (1406543750,081579870972);
INSERT INTO telepon_mahasiswa VALUES (1406543761,081578850284);
INSERT INTO telepon_mahasiswa VALUES (1406543763,081529003260);
INSERT INTO telepon_mahasiswa VALUES (1406543735,081573683228);
INSERT INTO telepon_mahasiswa VALUES (1406543736,081579495228);
INSERT INTO telepon_mahasiswa VALUES (1406543737,081592874410);
INSERT INTO telepon_mahasiswa VALUES (1406543738,081513648219);
INSERT INTO telepon_mahasiswa VALUES (1406543739,081561483547);
INSERT INTO telepon_mahasiswa VALUES (1406543760,081525201203);
INSERT INTO telepon_mahasiswa VALUES (1406543761,081526341010);
INSERT INTO telepon_mahasiswa VALUES (1406543762,089945390850);
INSERT INTO telepon_mahasiswa VALUES (1406543730,089985809791);
INSERT INTO telepon_mahasiswa VALUES (1406543731,089981432266);
INSERT INTO telepon_mahasiswa VALUES (1406543732,089925157998);
INSERT INTO telepon_mahasiswa VALUES (1406543733,089984650409);
INSERT INTO telepon_mahasiswa VALUES (1406543734,089625877949);
INSERT INTO telepon_mahasiswa VALUES (1406543756,086613797422);
INSERT INTO telepon_mahasiswa VALUES (1406543757,087946739582);
INSERT INTO telepon_mahasiswa VALUES (1406543758,086706346623);
INSERT INTO telepon_mahasiswa VALUES (1406543759,086725169297);
INSERT INTO telepon_mahasiswa VALUES (1406543740,082107245066);
INSERT INTO telepon_mahasiswa VALUES (1406543741,086193328826);
INSERT INTO telepon_mahasiswa VALUES (1406543742,087532306017);
INSERT INTO telepon_mahasiswa VALUES (1406543743,087256678935);
INSERT INTO telepon_mahasiswa VALUES (1406543744,083868432276);
INSERT INTO telepon_mahasiswa VALUES (1406543745,085804498633);
INSERT INTO telepon_mahasiswa VALUES (1406543751,086937881571);
INSERT INTO telepon_mahasiswa VALUES (1406543752,084309201036);
INSERT INTO telepon_mahasiswa VALUES (1406543753,083374794564);
INSERT INTO telepon_mahasiswa VALUES (1406543754,088747733067);
INSERT INTO telepon_mahasiswa VALUES (1406543755,084442288599);
INSERT INTO telepon_mahasiswa VALUES (1406543739,081946498997);
INSERT INTO telepon_mahasiswa VALUES (1406543760,085108917076);
INSERT INTO telepon_mahasiswa VALUES (1406543737,086597475521);
INSERT INTO telepon_mahasiswa VALUES (1406543738,085654961583);
INSERT INTO telepon_mahasiswa VALUES (1406543739,088606485036);
INSERT INTO telepon_mahasiswa VALUES (1406543760,082854404982);
INSERT INTO telepon_mahasiswa VALUES (1406543761,089739264367);
INSERT INTO telepon_mahasiswa VALUES (1406543763,089038756462);
INSERT INTO telepon_mahasiswa VALUES (1406543764,085226310134);
INSERT INTO telepon_mahasiswa VALUES (1406543765,086883837014);
INSERT INTO telepon_mahasiswa VALUES (1406543766,082117497675);
INSERT INTO telepon_mahasiswa VALUES (1406543767,086396862364);
INSERT INTO telepon_mahasiswa VALUES (1406543761,086618414753);
INSERT INTO telepon_mahasiswa VALUES (1406543763,086568257710);
INSERT INTO telepon_mahasiswa VALUES (1406543760,086946853437);
INSERT INTO telepon_mahasiswa VALUES (1406543795,086071791989);
INSERT INTO telepon_mahasiswa VALUES (1406543796,084855837704);
INSERT INTO telepon_mahasiswa VALUES (1406543797,082341099435);
INSERT INTO telepon_mahasiswa VALUES (1406543798,086686419782);
INSERT INTO telepon_mahasiswa VALUES (1406543799,086857871605);
INSERT INTO telepon_mahasiswa VALUES (1406543737,082122657056);
INSERT INTO telepon_mahasiswa VALUES (1406543738,088284587417);
INSERT INTO telepon_mahasiswa VALUES (1406543768,084803712300);
INSERT INTO telepon_mahasiswa VALUES (1406543769,082054801849);
INSERT INTO telepon_mahasiswa VALUES (1406543770,087901596980);
INSERT INTO telepon_mahasiswa VALUES (1406543771,089425283104);
INSERT INTO telepon_mahasiswa VALUES (1406543772,081937089696);
INSERT INTO telepon_mahasiswa VALUES (1406543773,083611422732);
INSERT INTO telepon_mahasiswa VALUES (1406543760,086848417051);
INSERT INTO telepon_mahasiswa VALUES (1406543760,083158415123);
INSERT INTO telepon_mahasiswa VALUES (1406543760,088416396424);
INSERT INTO telepon_mahasiswa VALUES (1406543760,083783594196);
INSERT INTO telepon_mahasiswa VALUES (1406543743,083518137620);
INSERT INTO telepon_mahasiswa VALUES (1406543774,089231430994);
INSERT INTO telepon_mahasiswa VALUES (1406543761,087805172074);
INSERT INTO telepon_mahasiswa VALUES (1406543763,086583989644);
INSERT INTO telepon_mahasiswa VALUES (1406543777,086529299634);
INSERT INTO telepon_mahasiswa VALUES (1406543778,087564457938);
INSERT INTO telepon_mahasiswa VALUES (1406543785,083862132760);
INSERT INTO telepon_mahasiswa VALUES (1406543786,088052188292);
INSERT INTO telepon_mahasiswa VALUES (1406543787,085883693303);
INSERT INTO telepon_mahasiswa VALUES (1406543788,086925589916);
INSERT INTO telepon_mahasiswa VALUES (1406543789,081862019159);
INSERT INTO telepon_mahasiswa VALUES (1406543793,081560002800);
INSERT INTO telepon_mahasiswa VALUES (1406543794,084221342768);
INSERT INTO telepon_mahasiswa VALUES (1406543779,083417685964);
INSERT INTO telepon_mahasiswa VALUES (1406543780,086716430689);
INSERT INTO telepon_mahasiswa VALUES (1406543781,086334733659);
INSERT INTO telepon_mahasiswa VALUES (1406543782,084179662584);
INSERT INTO telepon_mahasiswa VALUES (1406543760,088561298748);
INSERT INTO telepon_mahasiswa VALUES (1406543760,085687814309);
INSERT INTO telepon_mahasiswa VALUES (1406543760,089697053029);
INSERT INTO telepon_mahasiswa VALUES (1406543760,087241110012);
INSERT INTO telepon_mahasiswa VALUES (1406543792,081167507966);

Tabel dosen

INSERT INTO dosen VALUES (10000000000,'Abdul Hadi Ismail','abdul.hadi','sayangmama','abdul.hadi@ui.ac.id','UI','Ilmu komputer'); 
INSERT INTO dosen VALUES (10000000001,'Hanny Sutanto','hanny.sutanto','sayangpapa','hanny.sutanto@ui.ac.id','UI','Ilmu keperawatan'); 
INSERT INTO dosen VALUES (10000000002,'Fifi Indra','fifi.indra','sayangadik','fifi.indra@ui.ac.id','UI','Kedokteran'); 
INSERT INTO dosen VALUES (10000000003,'Bernadette Ruth Irawati','bernadette.ruth','sayangkakak','bernadette.ruth@ui.ac.id','UI','Matematika & IPA'); 
INSERT INTO dosen VALUES (10000000004,'Lenny Wijaya','lenny.wijaya','sayangsemuanya','lenny.wijaya@ui.ac.id','UI','Teknik'); 
INSERT INTO dosen VALUES (10000000005,'Imelda Dharma','imelda.dharma','naikgunung','imelda.dharma@ui.ac.id','UI','Hukum'); 
INSERT INTO dosen VALUES (10000000006,'MEDINA LATIEF','medina.latief','naikpuncak','medina.latief@ui.ac.id','UI','Ilmu komputer'); 
INSERT INTO dosen VALUES (10000000007,'Christanto Santoso','christanto.santoso','tinggisekali','christanto.santoso@ui.ac.id','UI','Ilmu keperawatan'); 
INSERT INTO dosen VALUES (10000000008,'Fitri Wiriasari','fitri.wiriasari','kirikanan','fitri.wiriasari@ui.ac.id','UI','Kedokteran'); 
INSERT INTO dosen VALUES (10000000009,'Jeniawati','jeniawati','banyaksekali','jeniawati@ui.ac.id','UI','Matematika & IPA'); 
INSERT INTO dosen VALUES (10000000010,'David Widjaja','david.widjaja','pohoncemara','david.widjaja@ui.ac.id','UI','Teknik'); 
INSERT INTO dosen VALUES (10000000011,'Adhi Utomo','adhi.utomo','balonkuada5','adhi.utomo@ui.ac.id','UI','Hukum'); 
INSERT INTO dosen VALUES (10000000012,'Kartini Fahmi','kartini.fahmi','kupegangerat2','kartini.fahmi@ui.ac.id','UI','Ilmu komputer'); 
INSERT INTO dosen VALUES (10000000013,'Gita Wirjawan','gita.wirjawan','balonkutinggal4','gita.wirjawan@ui.ac.id','UI','Ilmu keperawatan'); 
INSERT INTO dosen VALUES (10000000014,'Ilham Akbar','ilham.akbar','balonhijau','ilham.akbar@ui.ac.id','UI','Kedokteran'); 
INSERT INTO dosen VALUES (10000000015,'Diniwati','diniwati','meletusdor','diniwati@ui.ac.id','UI','Matematika & IPA'); 
INSERT INTO dosen VALUES (10000000016,'LINDA LIANI','linda.liani','hatikukacau','linda.liani@ui.ac.id','UI','Teknik'); 
INSERT INTO dosen VALUES (10000000017,'Iwan Samsuddin','iwan.samsuddin','tidakjumawa','iwan.samsuddin@ui.ac.id','UI','Hukum'); 
INSERT INTO dosen VALUES (10000000018,'Agus Nursalim','agus.nursalim','tidaksombong','agus.nursalim@ui.ac.id','UI','Psikologi'); 
INSERT INTO dosen VALUES (10000000019,'Kusumawati','kusumawati','tidakangkuh','kusumawati@ui.ac.id','UI','Psikologi'); 
INSERT INTO dosen VALUES (10000000020,'Aaron Thompson','athompson0','smBpIj','athompson0@cbsnews.com','International University of Business Agriculture and Technology','Ekonomi'); 
INSERT INTO dosen VALUES (10000000021,'Anna Elliott','aelliott1','OqUchh4MmTsi','aelliott1@hostgator.com','Mansfield University of Pennsylvania','Kedokteran'); 
INSERT INTO dosen VALUES (10000000022,'Rachel Mccoy','rmccoy2','ShySB3','rmccoy2@census.gov','Batterjee Medical College','Kedokteran Gigi'); 
INSERT INTO dosen VALUES (10000000023,'Nancy Henry','nhenry3','zjk54hBo8wi','nhenry3@comsenz.com','Reformed Theological Academy of Debrecen','Kesehatan Masyarakat'); 
INSERT INTO dosen VALUES (10000000024,'Jean King','jking4','JQfvgL5JT6qt','jking4@tinypic.com','Bethel College Newton','Teknik'); 
INSERT INTO dosen VALUES (10000000025,'Gerald Howard','ghoward5','hh7nGd9','ghoward5@tuttocitta.it','University of Helsinki','Farmasi'); 
INSERT INTO dosen VALUES (10000000026,'Justin Lawrence','jlawrence6','P08Ust9XUHrp','jlawrence6@wsj.com','Otemae University','Farmasi'); 
INSERT INTO dosen VALUES (10000000027,'Harold Rivera','hrivera7','tVSNIjT9GB','hrivera7@go.com','North Maharashtra University','Ilmu Pengetahuan Budaya'); 
INSERT INTO dosen VALUES (10000000028,'Melissa Burke','mburke8','5YN5aor1T7kZ','mburke8@ftc.gov','Fine Arts Academy in Wroclaw','Farmasi'); 
INSERT INTO dosen VALUES (10000000029,'Pamela Kim','pkim9','DBQaTBkF5lk','pkim9@census.gov','Academy of Music "Georghe Dima" Cluj-Napoca','Ilmu Pengetahuan Budaya'); 
INSERT INTO dosen VALUES (10000000030,'Louise Griffin','lgriffina','pwuZJO0w','lgriffina@live.com','Fachhochschule Ludwigshafen, Hochschule fr Wirtschaft','Ilmu komputer'); 
INSERT INTO dosen VALUES (10000000031,'Stephen Martinez','smartinezb','IaABMwD','smartinezb@xrea.com','University of Nebraska - Kearney','kedokteran'); 
INSERT INTO dosen VALUES (10000000032,'Timothy Richards','trichardsc','5MryMB1bZUf','trichardsc@soundcloud.com','Nairobi Institute of Business Studies','Matematika & IPA'); 
INSERT INTO dosen VALUES (10000000033,'Nicole Long','nlongd','5Kk5Jnz','nlongd@sourceforge.net','Harvey Mudd College','Matematika & IPA'); 
INSERT INTO dosen VALUES (10000000034,'Jesse Morrison','jmorrisone','CzU0Q9','jmorrisone@dailymotion.com','Novosibirsk State Academy of Economics and Mangement','Hukum'); 
INSERT INTO dosen VALUES (10000000035,'Judith Foster','jfosterf','btfZ9wti5Sh0','jfosterf@plala.or.jp','Volyn National University Lesja Ukrainka','Psikologi'); 
INSERT INTO dosen VALUES (10000000036,'Billy Ward','bwardg','cv5B7km','bwardg@omniture.com','Universit de Haute-Alsace','Ekonomi'); 
INSERT INTO dosen VALUES (10000000037,'Joyce Olson','jolsonh','uE1rnxFem6PZ','jolsonh@cbslocal.com','University of Maine, Machias','Psikologi'); 
INSERT INTO dosen VALUES (10000000038,'Walter Carter','wcarteri','voDs0HyV','wcarteri@meetup.com','Andrews University','hukum'); 
INSERT INTO dosen VALUES (10000000039,'William Martin','wmartinj','9mW4jIQKZnl','wmartinj@addthis.com','University of Burdwan','Farmasi'); 
INSERT INTO dosen VALUES (10000000040,'Harold Stevens','hstevensk','ekbMbb3','hstevensk@indiatimes.com','Institut Commercial de Nancy','hukum'); 
INSERT INTO dosen VALUES (10000000041,'Lori Morrison','lmorrisonl','HIFLpNV5','lmorrisonl@state.tx.us','Utica College','ilmu pengetahuan Budaya'); 
INSERT INTO dosen VALUES (10000000042,'Roger Owens','rowensm','LQehP3WE','rowensm@freewebs.com','Katholisch-Theologische Privatuniversitt Linz','Kesehatan Masyarakat'); 
INSERT INTO dosen VALUES (10000000043,'Jessica Hanson','jhansonn','qCPkvXV','jhansonn@ebay.com','Fordham University','Teknik'); 
INSERT INTO dosen VALUES (10000000044,'Robert Reid','rreido','vW4iUDvG','rreido@google.nl','University of Qubec','Farmasi'); 
INSERT INTO dosen VALUES (10000000045,'Frank Austin','faustinp','1dywqmacD','faustinp@sohu.com','International Islamic University, Islamabad','hukum'); 
INSERT INTO dosen VALUES (10000000046,'John Boyd','jboydq','3bJLyZ','jboydq@baidu.com','Universidade So Marcos','Ekonomi'); 
INSERT INTO dosen VALUES (10000000047,'Linda Harper','lharperr','h5pzFo16W','lharperr@google.pl','Scott Christian University','Kesehatan Masyarakat'); 
INSERT INTO dosen VALUES (10000000048,'Patrick Day','pdays','0QNqNgL8H','pdays@telegraph.co.uk','Universidad Interamericana de Puerto Rico','Teknik'); 
INSERT INTO dosen VALUES (10000000049,'Eric Henderson','ehendersont','3HKvvR','ehendersont@boston.com','Hogeschool Rotterdam','Teknik');
